feature_00,feature_01,feature_02,feature_03,feature_04,feature_05,label
1.179048351729722,-0.622672778570647,-1.3440919045781554,-0.7091520735089739,0.03646533874087708,-0.13155300342416879,0
0.4909249738225704,-0.5507167216650563,0.05622553534182335,-0.7962090256524618,-0.0629796953750658,-1.0567771408911546,0
1.1524894372909484,-0.11061110015613022,0.5038251372740797,-0.43163213179793897,0.07655359755725105,-0.7297363318175583,0
-1.1032943882495818,0.020792884567239062,0.8165271024030697,0.6173590099578804,-0.5041970976581281,0.3994013663393221,0
1.0930465854425009,0.11806218834854301,-0.45365217985669065,-0.03267903981591724,0.2892251411059299,0.6306126963067328,0
0.6546232673388015,-0.4773522209584248,0.045799298432418624,0.18427263405445016,-0.42085916346071345,0.5937149423448645,0
-0.4943917615327626,0.2633964310896546,-0.09647749752009158,0.6848287314355167,0.01468081760544593,-1.4390370893126219e-05,0
1.244118949961182,-1.2767689608683233,1.1579959784463174,-0.05221528261641356,-0.5224000586931726,-1.5041878724231386,0
-0.9570084820184475,-0.1651686856109405,0.3474040306621638,0.6536669926965413,-0.4892810027071653,0.6785932447896561,0
-1.1290199130344407,0.19968975879873524,0.5121224332267368,0.4173448734893441,0.4900298582605481,-0.6716488928061753,0
2.379821919404959,-0.8204988357900734,1.1175095824592316,0.0785459981647353,-0.7447315185071357,-0.2567793276696639,0
-2.0594377934183985,1.2814176712824574,-0.10323007607896646,0.709340490392818,0.5644859957897531,1.2273910122090559,0
1.5150779216056582,-0.4631516870467393,-0.5404895458461311,-0.9199107437338533,0.058485635322776425,-0.8865051584725195,0
0.3836689603518593,-0.156380684661364,0.37950483643774235,0.009633282977375444,-0.7296773209223124,-0.7866525281594056,0
0.48035184276552767,0.22184547075557867,-0.28958240979505706,0.549111945623555,-0.08968001226511257,0.8360275894209511,0
0.407933776883789,0.15252120108905468,0.5842833283884812,0.24996466401549727,-0.4398284643385354,0.2494041022322495,0
0.18407906774942628,0.07921979505598331,0.9859347891968469,0.8032359876108722,0.036518895585472125,0.43764524848018166,0
-0.18731993315632092,0.09250781954206048,-0.31764985303108867,-0.22741615708341,0.8028275767065801,-0.48104397742294636,0
-1.4598295383264825,0.27163971534249004,1.728297815264058,0.46986688210489347,-0.3071312234890372,-0.16522424031754776,0
0.02301943615646912,-0.07288418274013175,0.47968831129023287,-0.6079076737875594,-0.2991277905397393,-0.3566887453797186,0
0.17563449399395864,0.6079657289789206,0.43681715621149825,1.6903335383832379,-0.5384117058811031,3.2625962647443165,0
-0.24034430013762498,0.674635031241504,-1.1055058419157548,0.40695204023642806,0.26729815905714094,1.9426453378429143,0
-0.6252316182870431,0.3727208983391613,-0.8226966443858871,0.5378105208538967,0.09943374161395033,1.6963115097871626,0
-0.6009228226271259,0.16373765033252807,-0.9289855758365816,-0.5485722293067239,0.1878147559123782,0.14497887394289297,0
-6.5303595809568495,6.948244234401789,7.917915561068361,8.900835049456308,-3.130501656135188,7.577738331059115,1
-1.1224857432436115,0.21775152277780008,0.35671490385191323,0.12433642170054528,0.018219234512857303,-0.2565267376467509,0
-0.41099102007769417,-0.27331593194030607,-1.7528908298411778,-1.0129563679955296,0.690060754742191,-0.7427953004869549,0
1.4201870446653002,-0.563111288666569,-0.17570524274873392,0.056556106921072935,0.038531293951848636,0.14949410330417787,0
0.20873263311964296,0.27363102200171113,-0.15654674791275433,0.024468512244112877,0.016365607342216176,0.5251143157488398,0
-0.8161353459633875,-0.0696678569581967,0.09250731273558589,0.2853336653559891,-0.6479691294744578,1.176028315810305,0
-1.6634640169059576,0.9363308122623479,-0.05261079627916805,0.6166373989915229,0.1971073370054222,0.987434255137713,0
2.0495398641367504,-0.10142246980193133,-0.5912822300432623,0.8599745064474509,-1.0570693792228416,2.8842388940429275,0
0.4360839988132162,-1.1677025099475198,-0.04103765675331614,-1.3114103881773034,0.23502201668935857,-2.80093247978296,0
-0.3872092542421713,-0.18435027306606783,-0.14689346037802092,-0.20024096013215728,0.33070583152542965,-0.23645115200924338,0
-2.2083469992126736,-0.016685829372914674,1.8943652236427722,0.5228259259371606,-0.5285058354296054,-0.44637707828702156,0
-1.561545866799479,0.5480361474098618,0.3293588564160501,0.831312807936219,0.1403534775695331,0.291973982003006,0
0.22420786178152696,-0.09996037492766952,0.9164579493831684,-0.10806782597665915,-0.18429996585398573,-0.6741340356237225,0
-0.42297540956706947,0.2588108118360327,-1.281366321751786,-0.5885708378648877,0.3206963922346575,0.6937053459714497,0
-0.48578404686808513,0.8539282372695375,-1.0622862264427155,-0.1449385151213145,0.6204856599983714,0.29546997639781386,0
0.07404123996864895,-0.47824793512664593,-0.29848352710279946,-1.2132572859855133,-0.10812003858021273,-1.1527302197998692,0
-0.8128162952377868,0.5436679553752379,1.1569186774503026,1.605655175297738,-0.7348475656692798,1.5220295784002273,0
-0.6908056032623603,1.0127273917085005,0.23723211378843814,0.42599216584913857,-0.08709679177929801,1.1879252348265465,0
-0.8459925737184081,-0.6066505386547041,-0.00978586406386833,-0.5324152939827351,-0.16311911398218398,-1.128171130582529,0
-0.09106100786243643,0.19258007523168091,-0.5105292502104025,0.4184569414851443,-0.2915380679926424,1.002554562682921,0
-1.2875385708190674,0.18768681738325513,-0.42175527814162744,-0.7553548411622832,0.6602414893601851,-1.774827752958592,0
1.7350495553665894,-0.4827181937068832,0.15669299734260989,0.42386919431822423,0.3122001369588758,0.3105673775304331,0
1.4979728006262418,-0.13327225967873743,0.3730930380581449,-0.19184605328363416,-0.7066793903814033,0.0301990283604214,0
0.4504869775122686,0.0251851881454287,-0.85799654514679,-0.41587172675189527,0.20651999951252517,0.1775644707085517,0
-1.0373392644141697,0.0019905678541331066,-0.07623560733800876,-0.7553169528956052,0.6724758208301502,-1.0738433735063635,0
-0.1466378025109622,-0.5153477563825767,1.077593889583087,-0.6490990611684563,-0.2081002922778335,-1.040055008735002,0
1.2052254604604729,-0.30320289058888444,0.35478109353965726,0.17890299959574762,-0.8521056386805679,0.8109704040013819,0
-0.4540539920978867,-0.00671351147621698,0.1447804535701273,-0.5558122978505303,0.24419484274694805,-1.335374607963538,0
-2.132955297283917,0.807139431174663,0.012677377005967062,0.2290639104952237,0.04811859520795913,1.2331098497826276,0
0.15757543672450663,0.18165640579452103,0.09036435398540854,-0.47979119878840376,0.2903229121737589,-0.2613153610354433,0
0.4976739818666799,0.014768819826921447,-0.33453095062655963,-0.31123045479037664,-0.3918723776407149,1.016617221142297,0
1.168513217604822,-0.9383717932033607,0.8976149699177531,-0.48927436872514496,-0.22754861423574194,-0.8984992543365095,0
-0.6459763546281841,0.270501464751911,-0.29641156856291034,-0.3006971648123264,0.5081419857890345,-0.4140018659308273,0
0.8412669084396798,-0.9875357900838436,-0.5013126343917572,-0.3609075289000827,-0.3889419327821876,-0.2995443570453556,0
-0.558888043118175,0.7109009082304496,-0.44298767447289805,0.5944622593810246,0.16164305353321762,1.5569689765983596,0
-0.04279332010218196,0.5886186923190679,-0.26659862107524157,0.8024826667818231,-0.1139804030892397,1.5245629161625331,0
-5.320357609113207,5.524104035534775,3.9620852445857224,5.0070429318367085,-4.214134026712859,8.288417454626893,1
1.5343945587365826,-0.7227805513197646,-0.1384564610616669,-0.6314001089849666,-0.6258558849479211,-0.8366460550143285,0
1.0225119234904976,-1.2084844189870732,1.1953501990766175,-0.8680569753687292,-0.27175972269800436,-1.6600398286584657,0
0.14585074151035782,-0.7144933696975783,-0.23039464694487757,-0.601426340834933,0.19350337958780495,-1.439531644311935,0
-0.7679716088367201,-0.14730095165760712,-0.6805458383094143,0.14820831863543937,0.137985136445726,0.8411029088761764,0
0.21979222609933655,-0.1328086488193771,2.037907833954447,0.5871582494626743,0.023043167724962753,-0.5402997376387235,0
0.2783827885652502,-0.047596620722044125,-0.2593576510139159,0.3777221651312247,-0.6229893750139612,1.4827751991619162,0
1.6499153572299676,-0.9817387464230772,-1.3152051588934244,-0.9152266940436892,-0.7717812974682281,-0.3231967531108408,0
-0.4122001930398463,0.20067923705846594,-0.03990747944341155,-0.9808556866808381,0.6173146470979302,-1.0702713059725362,0
-0.583414612846476,-0.05274553417588636,0.49312940164295493,-0.18684108268945196,0.10452426222439595,-0.9973836955991188,0
-0.980307483157668,0.0308358040474366,-0.39032255431168805,-0.10479753366512908,0.055599206990086913,0.5347015115347764,0
-1.902745325405558,1.0970146695170402,0.982721483031745,0.29031037017464373,-0.18616455395534648,0.45701830497172014,0
0.4129512013760044,-0.35411729806411646,0.3788404476031759,-0.5070403565759894,-0.4139145983888391,-0.5786540406264863,0
2.2632797599005117,-0.7207494354694803,-0.579435939674524,-1.6927655234194352,0.3478281872072309,-0.7933245831610409,0
1.2864703865310063,-0.10409826935255026,-0.18314996323629643,-0.11205564762717526,-0.10478124249730189,0.3971069906045258,0
0.026526564948378083,0.043542006033818796,0.7206471232176872,0.2604851440000031,-0.10928922729275736,-1.0822487967112449,0
1.2574085709282745,0.05416368155260882,-0.5781501522836231,0.3787300006744731,0.3540164394080676,0.6997327103743273,0
1.1501997759491316,0.14645203255296374,-1.2903750330677506,0.25710870899673116,0.0062547138999478535,2.2521102880761465,0
0.3525836977695364,-0.640955213050569,0.2371489612037648,-0.37263768858838897,0.060408292869948775,-0.7429568724862974,0
-0.6551280977563595,-0.04904531664762733,-0.9626013718034458,0.09984343528833234,-0.03309208431879289,0.8212873235178915,0
1.6788535173861079,-0.30230927893404563,-0.12120877474946963,0.020557974318323072,0.1829322349312595,1.0612293192571507,0
0.9207927005483385,0.1407632510548328,-1.1470654201669255,0.19538319650659228,-0.055105787055720654,1.8496057068517051,0
0.05615939079991952,-0.8465095735993765,1.1638281121075083,-0.06612352438134782,-0.690510999470325,-0.2725206039820891,0
-2.1016429537500083,1.18456401506528,-0.023683362034453842,1.2387362951939096,0.2543618966858991,1.30793338874599,0
-0.0857159010878578,0.036253628543437624,-0.9229003336851452,-0.6984511090913108,0.8793216873986952,-0.4291821054860475,0
-0.8968021415879279,0.611941024810174,-0.08512116486262163,0.3778698183216659,0.3812062331522466,0.4165332889958084,0
0.9406654891451421,-0.17033128908660344,-0.5818351173841223,-0.852991787647821,0.6721899660043188,-0.9634136094761048,0
-0.5104940707683613,0.5898733179452476,0.09295839594359215,-0.23068189612590861,-0.45770913929410034,0.47339819228425795,0
0.5822720342717632,-0.1881084881511169,-1.9134068256550647,-0.8553750708064832,0.4504701571877788,-0.3554458573234192,0
-0.5363134129126583,-0.22480907433635705,0.8123888810619888,-0.26694821151825904,-0.6716033569544964,-0.4120336856934038,0
-5.953015581624763,-4.140648057656104,5.751824675008889,7.45159408062383,3.394817977030041,5.74677942611399,1
-0.9595813318972347,0.20469537108384545,-1.8598069378965,-0.27812842398580867,0.5237895944707388,0.7081116968911801,0
-1.3716415266723259,0.6481237223693942,1.0678231424923528,0.7885086449303259,0.15693080383388258,0.44050503814342973,0
-0.39571377757820525,0.35157182767647915,0.11210727146627733,0.12864035772346483,-0.023769056751185375,0.2712651075360104,0
0.6395121272127576,0.1028635236402272,-0.31473924359947547,0.21365469815648555,0.09026511603480401,0.44075710788394,0
-0.18750488652730085,0.5499570985436346,0.8533465231664932,0.643963004106163,-0.5202899771552025,1.591274244029894,0
1.6592114727669132,-0.5067025193764836,-0.20713032537091206,-0.43538935272137885,-0.059464582856020784,0.11062456965220291,0
-0.5163704530892257,0.40044575390011317,-0.9358866849361975,0.6309035831632515,0.2549845452146782,1.516888221793985,0
-0.5515693321601356,-0.12097650683751404,0.7599629483434948,0.5409510431521606,0.5826045613656964,-1.5520513168518102,0
0.84257912356282,-0.4545797604908185,-0.9939823941085081,-0.24945085321429547,0.09185671466351117,-0.4369692777620061,0
-1.1671800165136255,0.539192479992838,0.5028418078722569,1.334115453291218,-0.058224268143121725,1.385589125158627,0
0.35968548041315684,-0.5577097134787149,1.0137289471561275,-0.327321833033229,-0.26517514829679023,-0.24938411873501004,0
0.45664066861276353,-0.021965888342689383,0.9584211057085494,0.3594718467026384,0.2603981987859156,-0.47147125773548704,0
0.9805368406919787,-0.8160043450917462,0.3338363558588101,-0.4981293890553709,-0.047388270254567606,-1.307444160661601,0
-2.844567655378895,0.32093362744559795,2.0038454468787683,0.7225206580598356,-0.8787770404740893,0.8201774556354116,0
1.4882628211393898,-1.2780251884568241,0.06856382170465364,-0.5351512919851974,-0.3480894056586213,-0.8162941489536524,0
-0.29816503688548907,-0.8875486397124851,0.7130006827128518,-0.7800778455023907,-0.5762178897138797,-1.2748055381285381,0
-1.0486599579460403,0.29290530936743187,-0.8840963244248193,-0.3209115484992914,0.274263455828767,0.5914642794183239,0
1.2443820718888579,-0.01085410204102322,-0.5990365790857862,-0.07417763715977178,0.6497456033365713,-1.2402019076888038,0
1.1070206511251919,-0.7217059483793857,-1.3572716871937096,-0.21403801327793445,0.06100405600176957,0.07239903540336569,0
0.04835069588592132,-0.013909960254373164,-0.8727564285386373,-0.011353743945339676,0.478061545672855,-0.012370578039943044,0
-0.2528622828488246,0.25420678258171603,0.2565138450798689,-0.4537409988507811,0.3321647671247934,-0.6152647513289784,0
0.5871007106454266,-0.8403740122155694,0.48219773398439997,-0.17254556729059717,-0.3676664907390858,-0.8549177595060392,0
-0.5973936107081194,0.09931818941339779,-0.6961522523724133,0.1314959041243659,-0.04280472842599684,0.2958771591498005,0
-0.2514566006174513,0.5642049036402648,-0.5936918930813795,-0.0764463867324883,0.12690815567337863,1.0432632680639509,0
1.437234381411559,-0.9340456463474144,-1.4760967741157942,-0.6698805500366016,-0.6044316398497029,0.6211171679794766,0
0.5747476473341382,0.04223990418922827,-1.6830699028507194,0.21390231273281574,0.4236795111179387,0.7522131326848883,0
0.30872176594319584,-0.2912597351032954,-0.7454598628079091,-0.80152259140266,-0.23670806968155134,-0.035225108829970736,0
-0.3246083470481741,-0.2137516024429018,1.2204153366413673,0.9255712930853373,-0.35740648711661,0.3875377657823397,0
0.243650218541588,-0.08800718087849897,0.06156858481991773,-0.4619394707903731,-0.3193088138900268,-0.3561882645573605,0
0.46445810396496046,-0.1349571694294243,0.8539954553191947,0.3310951568951034,0.029015464071013856,-0.30930919618223496,0
1.1326639731788941,-0.8063746227114085,0.6502718666884709,0.25623849745267563,-0.9244056240724194,-0.03255163180190858,0
-2.396976974757606,1.2551105983360664,0.5589153888602971,1.7664920736222014,-0.4741955598009595,2.561378182788414,0
-0.026035294302037684,0.9195804186956442,-0.48977748874890376,0.24380004196234073,0.7728633672220635,0.15312589008464073,0
0.29147220572856525,0.7180277358880335,0.11778084433268012,1.347939384830301,-0.30055219199335853,2.4328449302881587,0
0.3496784391755033,-0.3040194456435695,0.01618901575622165,0.00886599531626441,-1.0321038416704145,1.1878017997580261,0
0.3127409095017114,-0.044122698950955615,0.3251325511514819,-0.047975740485376735,-0.46240745571636127,-0.05112822110204652,0
-0.7468027215929343,0.3003393015671073,0.7001983747486917,0.22612964621076945,-0.3597504429710101,0.2388072343923622,0
1.2208853643009643,-0.5216996550443507,-0.1517507061667596,-0.6232572676235719,0.679559133426892,-1.6627071413310905,0
1.1737087619597062,-0.4591478677477385,0.6514771330544087,0.43395636220032036,-0.2008341792860331,0.8188597366373097,0
-2.188315651939792,1.7738366180414498,3.892220428638134,2.0379143403765285,-4.7850742417101015,4.665408675836037,1
1.083514546949993,0.3881314340706392,-0.417609034234589,0.029427785837202482,0.26151717045128303,0.47857857707240825,0
0.06614038664533337,0.6944641123069777,-0.9118679897755972,0.3168064649277246,-0.24279713681341383,1.7884689556742546,0
1.756806416430526,0.31964085841307444,-0.43490526243180055,-0.8553868518400088,0.27980963137652787,-0.006445455022004706,0
0.3731290345825652,0.3554978540600932,1.3835672610704344,1.2941946953848096,-0.1709907782886543,0.5200472350046679,0
-0.4049309581850925,0.16171950036370306,-0.5306655706074046,0.26972660904655005,-0.07200767234845441,0.4753861201611059,0
-0.02809042833870231,0.33995691570476066,-1.2240840233484096,0.35212541554047766,0.1076111731717627,1.7465523928468554,0
0.1978215536291465,0.3704873847911707,-0.7988488366312717,-0.1584820733259165,0.47807032628373075,0.5600676314855718,0
-0.629412575124764,0.4578918097682177,0.09998859839016845,-0.42731291736901744,-0.016241502161917932,0.18665022415297713,0
1.9813837724297574,-0.717097393157006,0.4771342647113891,-0.5016786195487777,-0.480240558531131,-1.7099086378572748,0
-3.516486914352235,1.6203690984603543,0.3506346038366607,0.9626833471353455,0.637560099908038,1.1612067082885518,0
0.6175206459064483,0.11509103941801868,-1.0373950185203427,-0.135582774573671,0.4164559245022315,0.26297735718844895,0
0.8459056440405976,-0.964072088896205,0.6154753472323675,-0.9686248111635404,0.11942392495747892,-1.651049797452991,0
-5.273674554488059,-5.564623763709603,8.945092180184997,6.694907128824267,3.287633798410237,-0.083037801756626,1
-3.494360579908554,1.604803333267155,1.4444816129044136,0.6912527343716719,0.6605147329869977,-0.1811439450070387,0
-0.8913678723778293,-0.10265663179689563,1.1388603474911807,0.7253954698184789,-0.5807686880153232,-0.918302718688392,0
1.8120890648463632,-0.4194142452788274,0.7363455153672386,0.38996886001151193,-0.7609216530521795,0.6769980771699351,0
1.674949452302255,-0.28131579524435224,0.4919279609671523,0.4901136113822048,-0.7815186579913824,0.7573532156969692,0
-0.5329709854292982,0.28043495208379576,-1.2892402397720022,-0.11170810602688522,0.0742802755314077,1.200117919240251,0
-0.27664325665036116,0.33482577472501607,-0.4686316105925449,0.44290879254955595,0.09720739387127185,0.9711482025403894,0
0.5210111003058923,-0.15305263820525375,1.0990625084197887,0.610553986237661,-0.491709348061619,0.2029150541161926,0
0.7418537677180054,-0.5056760753599409,-0.9670071909739191,-1.2117146795369698,0.48998723849264786,-1.3674235817210498,0
1.454171872979165,-0.297694599265013,0.9145126027118335,-0.12205681871716338,-0.16493388534899178,-0.0065528047571291196,0
3.6993887744108687,-1.3235321995603755,-0.3962371734044368,-1.0892038786086635,-0.17584998443565103,-0.9632992736223748,0
-0.5683263065231319,0.3585771620151406,-0.5388695558654201,0.2303219272230019,0.928434282860587,0.7185203093213672,0
-1.6601260613482727,0.930372343481165,0.7597153635607735,0.8953537538669735,0.39128159452530603,0.33997434225595685,0
0.8428915436135217,-0.9385170210740728,0.14740083946711016,-0.2147900851801975,-1.0876322198180328,0.33510658873548954,0
0.5829570106190413,-0.23303370996382775,-0.21806260957042034,-0.2612501932882075,-0.3543987186682375,0.23482859391449482,0
-7.244300350874825,-3.6738165742343742,-3.654871697520573,6.15913727471598,5.673628523575512,-5.353490599022791,1
0.9841304132570251,-0.41210097780881555,0.5344203951370382,0.5611280813340171,-0.568353639832028,0.9521439300249623,0
-0.4305363743376031,0.6097548573308849,-0.2898672562448374,0.3181595599102615,0.23968112276888762,0.6428831002079792,0
2.078718880265366,-0.9286426565720262,-0.5938950049048142,-0.8332617691399061,0.5024357958466887,-1.412175824960297,0
1.0714596366730809,-0.8279660361751578,-0.42137171366617615,-1.099800151528091,-0.5929987897245034,-0.5791304447401323,0
1.333562780774322,-0.7248974663087251,0.1388363039136438,0.02969132344104739,-0.6345772853376033,-0.2530093852975038,0
1.5003649867371125,-0.40350222996620916,0.7382147109291488,0.27255521437059266,-1.0880166929494663,1.3412521020426984,0
-0.02652375093310725,-0.7296237078967489,0.19007729945386947,-0.5916270456015116,0.3409473526782863,-1.4547162576153023,0
0.4990238464513756,-0.14425227734674537,0.2267555829825456,-0.06934897585801926,-0.1192636342765605,-0.4616856867822358,0
0.170043918176998,-0.033341545261022364,-0.3900983420448313,-1.2488324301040459,0.3094656474517752,-0.7212891248706784,0
1.1054947671052378,-0.19764876588177885,-0.4234216653626334,-0.5385147537731886,0.6288781793621402,-1.338961643926863,0
-2.036600164321985,0.8575726745624036,0.1548309838692025,0.688044691898674,0.03534777743374852,0.45867191153614933,0
-0.49139790714461284,0.002553989651496882,-1.152166097897391,-0.6813477349211385,0.9171290055359947,-0.7397428037635777,0
-0.25979354979337865,0.21219124253069335,-0.32833063610881985,0.048708256176106815,0.0406182847407711,0.23514655114463687,0
0.7331285146804775,-0.12689180052337254,-0.40696388688214247,0.04601699111179563,-0.12127746782303912,0.7168805479538157,0
0.35896754460242497,0.34629775345090885,-0.13648307747560615,0.5359184553596648,0.3995116320255645,0.6167617207973902,0
1.5201814954114563,-0.809991780546404,0.9189948802167818,0.14106625463336492,-0.32643026845146683,-0.4094510324006612,0
-1.0049768452703942,-0.0655554087381628,0.7513882899651574,0.25576413645283536,0.4541413590962439,-1.5063918818860595,0
-1.3638165414144103,1.1307529057351011,-0.34947987080942694,0.7555196476766937,0.28292708104651654,1.1421472990303123,0
-0.3894339342163811,0.5762240259740443,-0.8249076709299973,-0.03426845825233933,0.583072906786925,0.7092444642837697,0
1.387165648222726,-0.24404179740544243,-0.7138049380253079,0.05800426894615476,0.01238293738165371,1.501331911015623,0
-1.099702945902394,0.38541550790270446,-0.6890899330202729,-0.605124878803024,0.34943696423737436,-0.732228426810235,0
0.7119599373607072,-0.3343264810274191,0.5114874217325878,0.10537219771813286,0.17556174546479264,-1.4245237386303098,0
-1.5178489263090265,0.7737219385531263,-0.905457289158373,0.739109340465546,0.4814162902466338,1.0161307430353599,0
-0.2779986569760963,0.5624761793591883,-0.8599324200295824,-0.19158112399112867,0.6696323571137058,0.15979094341911396,0
0.11633987975075462,-0.3692434458369276,0.6707717018119451,-0.1932639618355573,-0.10195514085364824,-0.6219018847663248,0
0.3955681862910172,-0.03959990287398362,-0.3329989556081278,-0.14480645818174323,0.13824364648082876,0.020913662224007368,0
-0.17835389681711286,0.3298395728428731,-0.10203920021847472,0.05040728012522044,0.40259778972382054,0.5117480415283541,0
-0.8507987618856782,-0.20368145163279808,-1.1074834908973055,-1.0055201555070963,0.07117129975375912,-0.4022868025456568,0
1.2142231749770804,-0.49759663866042075,-0.3178720995444827,-0.06287660848968762,-0.9804592134184703,0.9003282100239739,0
1.0710099828685542,0.22265587462514402,-0.6270896692207975,0.07975269449777525,0.6133893007273592,0.5633055470182288,0
-0.5609475816759019,0.24789278028926268,-0.6426388267507626,0.5718694601502136,0.6325282882254466,1.1045215898661254,0
1.1131509603273864,-0.7580285960952426,-0.5448908957141537,-1.1355009706747303,-0.7047576535627244,-1.1875718638086832,0
-0.28753797383334656,-0.19804068554590748,1.150169050950754,-0.015051520784272633,0.15245381483256135,-1.4168294087780573,0
-1.5446984661527672,0.6540462409138422,-0.5686382393797271,0.4233064434557275,0.2757335546997115,0.9555169680789135,0
-0.3892554466131156,-0.17901473384888114,-0.17002295676035079,-0.6258253213272296,-0.3976234111515484,0.30307018113479967,0
-0.5879021596999698,0.3288548599692399,-0.9543330087729147,0.12061055315654902,-0.18479530915993644,1.4552128719259463,0
-2.010904643516792,0.6347697930410197,0.5196041717970732,0.39888365605363774,0.9974996597987863,-1.0920732168769256,0
0.33625242770104136,-0.9127616122228371,2.0852429046546606,1.0498266175747093,-0.43292167059939807,-1.4588761022316923,0
-0.776558008928631,0.3484550962511665,0.7656067453323021,0.24777517162831328,-0.29695680687400783,0.14456640174553897,0
-0.19309164904933074,0.36269331155210943,-1.239200862634441,0.09478533042283288,0.669045959580588,0.8912790009890654,0
-4.451536785837836,-4.111345413005983,-2.075665038203681,6.431510279236146,5.177179447141182,-4.789509412448703,1
-1.3382422453253453,0.13007688385898483,1.2620033384941587,-0.14080240633948066,-0.057526518620772286,-1.374317389308146,0
-0.22457012147884617,0.312804843270685,0.4861670549596507,0.2631446100449495,-0.29203580586649175,0.2036415633995529,0
0.12407407958255899,-0.685134091210056,0.7805607884752682,0.4473823928084304,-0.41956901224582904,-0.5011774910571954,0
-0.9137311588666239,-0.1348327580297367,0.8800668295772439,-0.252374807210966,-0.007675348194329556,-1.324274185030803,0
1.901994317551644,-0.26010333661305474,0.049185033372413936,-0.4462415873915725,0.09836897524942541,-0.07403934924022389,0
-0.3563084558504504,-0.8641174074155615,-0.4650775963161167,-1.5110330335287612,0.45564338106914876,-2.2502839792607223,0
-0.5632488120002488,0.0936779566087678,-0.23862795430368552,0.3329484100025672,0.10727707097988444,0.5872705106044754,0
-0.36776553081888624,0.5644763379328126,0.1863604667549382,1.1968180110318465,-0.5152422050471032,1.5850424186114453,0
0.5664074135598349,-0.43596293722302026,-0.5439403687118916,-0.8107640068427714,0.4317178561269306,-1.1288961718510402,0
0.9201280209160627,-0.4783992252164681,0.5879098167141406,-0.3575332153386985,0.16867721283078682,-1.8679354410393094,0
-0.7001977100629437,0.4583704521673318,-0.6966270977810904,-0.08314357733799406,0.9119274966115541,-0.06660677422662717,0
0.3978913169789909,0.08152144505001621,-0.5301451036912205,-0.94149736898203,0.3127632318655088,-1.0622169497363083,0
0.31398426494715426,0.12468594340154285,0.7641283161031709,0.2618790359665838,-0.25818057659061133,-0.4640570431492306,0
-2.317137720110718,0.46720563637127843,-0.38477509203679283,-0.3340338609435112,0.32615833705440705,-0.3006469079814129,0
-0.16282644207736205,0.14623824591102347,-0.29403128421506447,0.2509254900729041,-0.5754233564829703,0.8597642408643558,0
-1.2686131061080148,0.3665706936100855,0.04968540448712665,1.0692410007743365,-0.06491452492322625,0.2819583742614393,0
0.5972626106261755,-0.7260407395777219,-0.11531140969822407,-1.0541431266510473,0.24579906216690497,-2.585229777787724,0
-1.2082186515758884,0.24895539220010082,-0.6491885319535008,-0.49406625299210405,1.0943939340178133,-0.8330446226757433,0
0.7125757431303404,0.0963846008437517,0.6191159420688724,0.059209884891279464,0.01750942938263587,-0.4135556837560474,0
-0.39299497888481355,1.0094166261653392,0.9966375337560764,0.9537065471068668,-0.22388656858276018,0.8457385404007994,0
-1.7312075458752547,0.3952655151498767,-0.0638890690368165,-0.13261203924123813,-0.6617690086024052,0.18592707462658412,0
0.20994287586626093,-0.10917190352476132,-0.07844454648587361,0.3737414485193515,-0.684745970487972,2.062392915304989,0
0.6103189699324004,-0.42733250241883614,-1.9582437705647147,-1.592920971392651,0.1596961836229117,-0.42504293031337403,0
2.194390402708126,-0.8110323913005516,-0.7135906490051186,-0.3005597087167988,0.016387625912422637,-0.1882471704263895,0
-0.6976680802075375,0.07408840470362713,-0.31824572378713306,-0.08020229340182482,0.13508425365335083,0.15121346901475452,0
1.9759382684624516,-0.7401302005316205,0.3022794361356271,-0.6149064514972112,-0.3819715580531216,-1.484985374075913,0
1.4391890141739614,-0.5518986255211414,0.7150702208991776,-1.0619450643578903,-0.038293728272495386,-1.8912885389407965,0
-2.092628566833967,-5.652265470134749,-4.0903658064709925,5.511429756368571,5.685759931304546,-5.958352384158793,1
0.6908377508832502,-0.5406285444544808,-0.6960562795611803,-1.0870545240800862,0.060029532044134984,-1.1883865683340908,0
-0.9075918155601215,0.290784976581957,1.0003335667856832,0.2657237171604589,0.3223613851840006,-0.7904943955149284,0
-2.802514173772536,0.9905383832109026,0.4780234245561257,0.9350396694044912,-0.10775373240283037,0.3374663755521141,0
-0.6839134739866956,0.011482025995543517,0.14078207816000227,-0.9316435574715777,0.40471203336749517,-1.9517930947836262,0
-0.18903038190827146,0.17820653345993445,0.47563978434566956,1.0518675514828133,-0.10404396165739943,0.5118398767933404,0
-1.162947859731946,3.99975240143394,3.1967841686120115,4.544632649581605,-4.458952977093412,9.25090058978271,1
0.1372638540998049,-0.27831678298894325,0.09591010060229305,-0.6497653082951411,-0.5482545275511075,0.608333314894766,0
-0.503370808580419,-0.1392735474259228,0.1825043028307723,-0.12045148318647333,0.14160951502103467,-0.020763062076975605,0
-0.2905729640932176,0.23666492562398356,1.003756973511922,0.6464886235188747,0.2025940604423868,-0.5503253462183717,0
0.916058657599409,-0.19442247249028355,-1.3649272627932452,-0.15840534895621433,0.3222233489235448,0.49436698970123155,0
1.2971682141804826,-0.5216909694527191,-0.01811994748108886,-0.5461008402902743,-0.2714042534038434,0.09515160799654414,0
-0.3818403584026666,0.0848735324645147,0.09040254603276192,0.03212875483405978,-0.2920155554929769,0.02992929722462795,0
1.3149796042595132,-0.532849057269377,-1.2916597585359044,-0.4773179242422238,0.08490731632900177,0.007606091109519317,0
1.1830416322915307,-0.12003558432361869,-0.3997182272441051,0.016558891775643212,-0.7196168159553571,1.498764297115791,0
-0.06456355420621401,-0.3356746292888052,-0.5467204639740388,-0.12112622834488447,0.29195027768756976,-0.7859417158215979,0
0.3698390417704491,0.07507288452472066,-1.4476450010633577,0.5373559612399214,-0.15047602834558987,1.2198863166333904,0
1.2008212321333676,-1.0997876598722116,0.2551172968496959,-1.90213574718934,-0.1138835792456103,-3.0333730843383218,0
-0.43415004076848424,-0.03898026826846053,-0.8806488276945279,-0.25935611096852534,0.6906939988895463,-0.3554379603164205,0
0.7784668074590432,-0.28269479963506283,0.08747847503832643,-0.12843054426249384,0.045724768348999315,0.11751996515014311,0
0.2652831492249518,-0.3861409902961968,-1.5822429297725789,-1.6261411877505276,0.4578648182956201,-0.7465168472688611,0
0.08402637501490516,0.25605334384829875,-0.34571576787307245,-0.07934246936467072,-0.16101496088449951,0.10648409314906974,0
-0.2328721008721557,-0.3279667093324719,0.19074957895597477,-0.1976626001837769,-0.5509612242979819,-0.5793732211116672,0
0.11874674444134962,-0.8389140866504725,-0.30675963967381503,-0.5482459900174182,0.2423847205967779,-1.1925669704075976,0
0.6136646083522318,-0.9179637784930522,-0.28326505457315715,-0.7666500440958408,-0.24530430991061192,-0.9550867215696944,0
0.003998447221124616,-0.7968010790887727,0.7862926749816164,-0.882264902623836,0.013495339534583626,-2.808872684932374,0
0.959318417123264,-0.715168817163297,-0.5857421163523724,-0.29333712901028347,-0.1666834152069542,-0.8072114160738303,0
0.21466010600695243,0.7185092405710082,-0.7191258061566057,-0.2974936746473854,-0.0877563625841302,0.8202892696460112,0
3.5791571896476846,-1.2050578973737376,-0.16005067381093177,-0.943466394854933,-0.5206542126579445,-1.1610835258274035,0
0.8864278264696884,-0.060774892718402224,-0.8640859476036316,-0.9656198739740017,-0.012659179111105002,0.2015770934300254,0
-0.032449363000158986,0.24624313546577234,0.27739821972015427,0.1921364971143778,-0.20648770980909845,-0.45239902781690006,0
0.8944342530120064,0.5090516313438074,-0.21652935049777522,0.8457387080129033,0.25434792431046943,1.035792971140341,0
-1.7121672953370408,0.6924137713550057,1.3508089584385332,1.4004103512786723,-0.31705890102096534,1.092537772509833,0
-1.0200300726860514,0.453148534310046,0.6547795566671076,0.7451632718946101,-0.12511379314722568,0.06991194200326328,0
-0.6135984431710292,0.38392628663615674,0.11832746536245636,-0.4306100607598634,0.7760232149305321,-0.3957908081008991,0
-1.459244710224355,1.0692058055249618,-1.2769663830675515,-0.04523624106708556,0.3330293441277138,1.4321072908979595,0
0.351284242586065,0.005373969069543326,1.1141714376210448,0.6915268568147482,-0.47493212587868905,-0.03920696909594607,0
0.09297088252951087,0.43220268578666976,0.1652728119891497,0.7931263983511664,-0.6286353874486805,1.2376481218440634,0
1.4299109091755235,0.2277875241874004,-1.1481078471680706,0.31167063486712254,-0.03369618482632938,1.2454015589144707,0
-1.512340576679942,0.18842029880972186,0.4435010117699869,0.657910641183308,-0.21990204360487714,1.193115592325243,0
-1.8145308079688496,0.12963843048550952,1.0397135090925358,0.08598877508864172,0.15027652675853165,-2.6821037017167297,0
-0.7708054645794268,0.6762169631992188,-0.4408864813967444,-0.28647029587429895,-0.060017765588557294,-0.21349095340285212,0
0.11088383598944118,-0.061984084459043534,0.6471196307902951,0.2606925911904169,-0.5869429921848891,-0.0551650720349555,0
1.8040121553537287,-0.2153317942748678,-0.1324619035164656,-0.6216811433060118,0.543499869544502,-1.030965025756536,0
1.1511968638368524,-0.41725290085134137,-0.013703104321776542,-0.417883967164715,0.11363172546633528,-0.7474685645091697,0
-0.576236276563296,0.26218003299319625,-0.3863207230276122,0.6800651622263459,-0.5533392444899812,2.1649676715590305,0
1.6188036802773378,-0.5475633421518136,-0.48336562939979966,-0.5886409304173973,0.11759297081325697,-0.1978123098767676,0
1.4213171241995424,-1.2071856961999243,-0.7883610644051071,-0.7227338132081165,-0.23496297971741192,-0.5626708474909825,0
0.9006183981234298,-0.6041607651132516,-0.2413849301040731,0.015947825680625766,-0.05107313733895825,-0.6047861194581624,0
-0.36964645872710206,0.12059761968582591,0.23528883497110645,0.017237682805896985,-0.2082330527902633,-0.056798093503948426,0
-0.8925038844080389,0.8391782150283735,0.17741023768891076,0.6804048865765503,0.5331636299153873,0.0037743420583434078,0
0.2810118117231334,-0.40592805453799247,0.6258123997679529,-0.22240904139292256,0.07123490042857376,-0.3623356008875164,0
-0.013312369044395212,-0.31531360138845566,0.12010780033908153,-0.193950148163788,-0.10680219041291893,-0.8182222643112629,0
1.5358446651521624,0.2957345994810693,1.3915112762253565,0.6314817458883251,-0.7158741178954647,0.47221864154322163,0
1.3264874162164053,-0.5168765967814026,-0.388444861639934,-0.8575248851979775,0.494092470955783,-1.701152196537168,0
-0.4871363678125648,0.14971366316341578,-0.22105523205088917,-0.12401294058276857,0.3665327479518461,0.636696616788321,0
-1.3557380154196195,1.063471077885583,0.6290445625681952,1.0967497983786416,-0.1065858437791884,1.3515716973931289,0
1.0736047338160568,0.4443222581084526,-0.8648375614652928,0.5362698703733876,-0.04371131408015234,1.5736509757613117,0
2.384949169335702,-0.7756144645757648,-1.658881649326769,-1.6909578112767814,-0.09966140814676491,-0.876759708521028,0
-0.6801874464797558,0.13744820229309893,0.2193326935385238,-0.17568249416254775,0.17253547023339308,-0.1468278230100273,0
-2.544250023551219,1.4729332784361726,0.22340771063548312,1.5586176604272666,0.2987253855717358,2.8047775430110335,0
-1.002758585157608,0.07282143007057267,0.3578393596080003,-0.14041769379341715,-0.5325751913968172,0.5377770543385858,0
-0.05689861030546162,0.8642914403676494,-0.4665543715824845,1.141038216164404,-0.0918109446970905,2.3593431074349436,0
-1.1743458392607737,0.6818975669869434,-0.08277120469385071,0.21798220276191332,0.1487761911216727,0.563231527965895,0
-0.11211019552779086,0.31607419230376316,-0.09437273920079617,1.1138463232757478,-0.6592993410707833,1.2943058251290902,0
0.9795446873769438,-0.6883659964056378,-0.2532013070149132,-0.39865725455703416,0.2389221613034151,-0.11622365918114921,0
0.7364172868773736,0.22626967107432017,-0.13831319248393728,0.39257060063271815,-0.25097224544301755,1.1904656695391653,0
-1.071328270291684,-0.1610878579200009,0.5768383769690283,-0.4308097521089767,0.3334208330198064,-0.6656472715160232,0
0.49830905022650246,0.40139267362844266,0.6514629260354733,0.8970886204129709,-0.3697126335213997,-0.00021613012765423943,0
0.3593537564978765,0.11865368260100863,0.19770999346042667,0.019376867413116703,0.14538811685140246,-0.183504111359802,0
-0.35251222270869853,0.16513913228004876,0.690108179580171,-0.33867101184167986,0.7851449977711749,-1.049663926661325,0
-0.48128332192648793,0.2096765156038416,0.061347819229374975,-0.011377435402725015,-0.15458060745469615,0.5220464277647734,0
-2.3998533472310846,0.9854685443487835,0.20232397629026785,0.5872183172094677,0.740777096569119,-0.14879866915396395,0
-0.2624773554650748,-0.09012532765339148,0.4596395596517882,-0.29137442733587315,0.15572488140424748,-0.24476859585779032,0
-0.5908311536401842,0.29328560637713735,1.8044257311500271,0.7286355626149462,-0.5969534119065124,1.5180186869169645,0
-0.43623936710484496,0.6807452084684772,0.07944887035274963,-0.20492894877199322,0.6091617529801632,-0.7421015490971251,0
-0.40991579827571734,0.05341127161685694,1.1249550399052382,0.4532885347518891,-0.5162974692689197,0.07841807735438482,0
-0.13967581290815273,0.11635166997456482,0.3526245406472507,0.05897673114831035,-0.386461289274044,-0.27159861623008363,0
0.5194609817768879,0.1607727418977268,0.8712047698127968,0.7314107641304742,0.28236715431314846,-0.18461325860414016,0
0.44364769217470434,-0.05431289344515455,1.0465393094317472,-0.1551797811222818,-0.43137443769403966,0.5319044870340874,0
-0.28344252317954555,0.1432750008612232,1.0249893076000207,0.7308055099530706,0.007531080412714751,-0.24251495929092506,0
-1.6559742387877519,0.8416393213406612,-0.30632788242236003,0.26439286104848747,-0.824814345476947,1.8581987640494815,0
2.6432367600769813,-1.8154088075876984,-0.5362574078088138,-2.068909790334594,0.33778915019114175,-2.7168915390871344,0
0.028437306896881613,-0.4172532204049142,0.5120500930474116,-0.18303849574093228,0.2949919271168534,-0.7978222719762796,0
1.3975658065146639,-0.7468433447811592,0.7101817447121882,0.05820151533916064,-0.13448380904487958,-0.3708018640967115,0
1.6961393043615176,-0.97828863179701,-0.8027140425086843,-0.004474623945612636,-0.4942547860118402,0.4071979666501894,0
0.46432569564131726,0.3130634310218454,-0.2029301292825368,0.00747009211173587,0.23962257017855013,0.5992042751328168,0
2.532920484983486,-0.809980172452601,-0.22741836699665652,-0.1721216518194367,-1.1715896818714375,1.4494641592138737,0
-0.5215291381529507,0.32705703836724254,0.004621811229023446,0.3169667079833678,0.23577391224302535,-0.39130699704948185,0
0.3338800841463063,0.029936486923362354,0.8164083679471789,0.827579505381476,-0.16268560490008527,1.0400982538543608,0
1.262803902949155,-0.2801715160046962,-0.20745966789315004,-0.08155887462068702,0.4972457059463406,-0.3579521972573299,0
-4.406641103793553,-4.7483168290928495,4.146309261315066,4.92829324729901,3.7958326762345678,3.230434944426146,1
0.8674448352453998,-0.24021307236301825,-0.23404454821998558,0.4282554069583043,-1.0187811124787969,1.8695883253649515,0
0.9570182506795425,-0.48723591288266205,1.73694368956097,0.4124206415080648,-0.8662910116401872,-0.41129791452548914,0
1.9648795844895028,-0.8931287819573142,0.7397375699568391,-0.592948703227511,0.17320789040837448,-2.1151918810545465,0
0.02376169931234211,-0.8995405219024515,0.2565930454831014,0.1852986515930251,-0.7583917700232131,0.44925206276636154,0
0.7443019038276257,-0.5779101552652413,1.1242383833742933,-0.34817864446364266,0.11956885307872817,-2.1470475253281984,0
-0.701045680420616,0.6034169186225329,1.3337394019673054,1.947962530162844,-0.7070050695087875,2.3667088722418144,0
-0.46440999791936766,0.3667199310507796,0.7681307600103168,0.2231977264106542,-0.2495863740198176,-0.21419140929072225,0
-1.4494935707799863,0.9901479836680805,-0.04487452828606265,0.38319312486169027,-0.4881348727350101,1.8003821854490665,0
-1.7536287418889358,0.9956159281736714,1.513021088608403,1.2305284018818357,-0.45107054172716987,1.306491304400812,0
0.8431549055945273,-0.91670778506181,-0.14507982612520262,-0.852923378980532,-0.03984647841382644,-0.874662145903468,0
1.703941126693671,-0.9641275751279306,-0.8598236281410024,-1.4322302570667504,0.3318869974603966,-2.37735894751129,0
-0.6803980315802688,0.5348900047959603,0.6438502819759255,1.067493510787466,0.07036933535209507,0.8822348164783238,0
0.18069153043694072,-0.026692353420495564,-0.43509461364012625,-0.541766580997997,0.610315755753775,-0.49663777484983956,0
0.26153167243026404,-0.9479596938910354,1.512377093111563,0.43353592173094474,-1.0255339869523086,-0.530793428654977,0
-0.39566570218908476,0.7144648010955297,0.38530231847296226,0.23995058942814443,-0.26521685943538253,0.6927222501708113,0
-0.7182459264877333,0.6472750587728104,-0.3174215156818736,-0.6334544397739637,0.14627230287790247,0.1329829596352018,0
0.4563596988851125,-0.40919811986517535,1.0410900679673796,0.3501499311979031,-0.9771597195998261,0.4839005879790876,0
-0.8190665214136799,0.5027760581503832,-0.6023182312365813,0.6634709321580883,0.4329190118950143,-0.10336158535532322,0
-1.162204354976943,0.7203599242371592,0.18651445921944756,0.3247355389871853,0.03913351454007192,0.00904523756796485,0
-1.2444165215979832,0.9302750099792211,0.433162064966044,0.5187656676664638,0.2109994428836659,0.4837644017310333,0
1.410213980155801,-0.35195970225138296,0.6719789357917209,-0.2061522259171622,-0.24812344600239242,-0.897830290181953,0
-2.5791875715273096,0.9941813059415477,1.567422782881444,1.8232237251636718,-0.17784702421703608,0.2927696355025768,0
-0.1346385464284959,-0.2419413109145471,0.3541878716975215,0.08281771960948439,-0.21838451372022422,-0.6585065796247421,0
0.10988063618458355,0.40649879704067354,-1.1798933093750839,0.3192759474996022,0.13400448250490968,1.061047945881605,0
1.2379126347197005,-1.1142456317407214,0.7488601854230095,-0.6778386185749196,-0.18327788451806498,-0.3821060176167718,0
-1.9752308311816982,1.207225247387502,0.33202917954518685,1.4336573413120517,-0.31751983310697013,1.55048560692289,0
-0.290009143800599,-0.4387222976760661,0.6000983524378966,-0.45235660416106976,0.42666897039128265,-2.5845830404657377,0
-0.2502531818070188,0.3382212925703609,1.219092644226888,0.7576823222231995,-0.2810816932814198,0.3502749600855056,0
-0.8475878068585638,0.9421976894425095,-1.2128547864739188,-0.5681398361067644,0.4458298429308086,0.5934439424666915,0
1.5645387472606278,-0.9447097520838583,-1.391442525784982,-1.750970540126197,0.6440967579935057,-1.988715527781238,0
-0.02751350682088966,-0.38123438109090735,-0.3007259512057929,0.0073331732956952965,-0.23620808064871449,-0.03929855127541087,0
-2.26746990521813,1.0203356171163507,1.2054678782154016,1.6960584164229007,-0.5940875465042673,3.0599821113828503,0
0.05352973043144683,0.8788807903968117,0.5366649759894685,1.3030007142163098,0.09822557502810793,1.3525870383000504,0
-1.6659670695001412,0.40523225974223115,0.1843674263068155,0.381789430785385,-0.39438108296400104,0.8102703607941163,0
-0.07235219064477813,-0.19157988034521425,0.4800411666226203,0.2221078019469037,-0.38813752894549486,-0.28170076729660465,0
-0.820984328314594,-0.1011748382515708,0.49665182799230273,0.8735153589272117,-0.28047335150760394,0.0800219342235938,0
1.702696534040473,-0.6602835995943549,-0.5069583879097884,-0.6818719633865793,-0.26157168857547947,-0.508828799637704,0
-0.5715640188277107,0.07748269819287387,0.6835341565493811,0.7408322904214342,-0.4463308872734924,0.7419742323524899,0
-2.0187495013622785,1.281259580016122,1.0734751031011096,2.020959008073607,-0.21859323278844428,2.64609389914487,0
1.6093197742729137,-1.0903014966525546,-0.1027668340192049,-0.5488707045770237,-0.45301410090760275,-0.5611396697272014,0
-0.8413970918219841,-0.05157330705289397,0.25920770765487106,0.36863392689584285,-0.559065697497339,1.2285104234926836,0
2.0464910060213675,-0.8470244462716748,-1.4338662855362259,-1.5822907624827212,-0.17976565211439627,-0.5409910473006811,0
0.17101464701072222,-0.23714537752575837,1.4399714403721025,0.16175126701498643,0.01651214818115741,-0.29668348668948935,0
-0.1029241076083629,-5.556235818199049,-4.00278797748196,5.223798200219147,5.68213265172917,-4.499278541857747,1
0.4253876650716326,0.11276757460970788,-0.46270410618268076,1.2115924574538277,-0.22447148660784727,2.2387794069752602,0
-1.1691817033359462,0.337392823101673,0.3651753899896584,-0.29804164752748025,-0.12825230637147353,-0.6342115261941254,0
-0.6059533989497279,0.53130757347978,0.3189203212232266,0.6585112007327881,0.1369674396300275,0.7730462928759917,0
-1.8788260931606844,0.9826331582099597,-1.2384885137698987,-0.08730833556273175,0.6924240320685418,0.6398149403657781,0
2.0911907820241655,-0.7898964552555952,-0.6300019867231701,-0.9923414196369564,0.06557798197014875,-0.9537259302294808,0
0.8119551003527853,-0.9758422460640412,-1.4966824547268511,-1.507659460056912,0.5388282801407595,-2.168583249929042,0
-0.3225334225622975,-0.4002704161552705,-0.5737312209412642,-0.769953906532483,0.16817696628173967,-0.3109673736054138,0
1.0003879572340717,-1.2310195722278237,-0.8014233514847077,-1.8302051430657764,0.10792413782012152,-2.448215813198693,0
0.36893176748662226,-0.319439330752468,1.2385819789892494,-0.08221806277408009,-0.24594437956178375,-0.859147686055372,0
-0.024967035445495465,-0.7627435366760859,-0.36304113348520806,-1.3623275362965486,-0.4346245025499647,-1.235427221209213,0
-0.02447138156832677,0.24095001557952825,0.031951876782880265,0.07194422665466392,-0.20219667177246956,-0.03224575007486523,0
1.009736976080013,-0.040611906377884185,-0.4856341428672755,0.15535094686788842,-0.1756667796902438,0.7543278417191318,0
-1.8332317429069167,0.4239590291727411,0.18509942632985638,-0.33122282632432903,0.7291264121146394,-1.3871689464380483,0
1.0082993054525438,0.24515548746353583,0.4177793209210336,-0.46522643269772707,0.08978571660611975,-0.11542232051400331,0
1.2068870880153635,-1.3506990052673957,0.526361829556679,-1.2775765071708545,-0.4091643800663211,-2.1630679240913984,0
-1.5432512805115333,0.28011875909310785,0.5599433085393266,-0.10961318896295144,0.5513294196518173,-2.143370715937158,0
-1.7232388335461057,0.2133113922028707,-0.1077399091161138,0.5138036978966611,-0.17130035353654924,0.9101737249062012,0
-0.6843287702396064,0.8581685670792355,-0.255083408836001,0.9580501403028149,-0.05701099360231454,1.5477471617245027,0
0.23456580580232642,0.04171927317681489,-1.1859169336545723,-0.6436046482268359,0.6567569100249735,0.10053037954809294,0
0.4370122296257099,-0.9438297449747868,1.0950060245871964,-0.07463822449274579,-1.0447270639433426,-0.46849454287883247,0
0.12440538534529662,-0.3094315486220509,0.6074712513314187,0.541667161919581,0.19092820653907472,-0.28493876553187714,0
0.20826693527104,0.06365503965014395,-0.6812742569708476,-0.21122257859071447,-0.10631365637830124,0.3331985923337337,0
-0.9559133093489152,1.213733357193386,-1.0109815147350876,0.8930527477977578,0.07552174269333523,2.33174497304591,0
-1.360156895498233,0.9175104467143687,0.7491035886851724,1.2297742053745044,-0.45444988962393024,1.3388882524911827,0
2.3368358920455035,-0.6717265941898144,-0.3441227796431174,-0.02908005383963194,-0.004226790442429316,0.2277598501931984,0
1.7436901201476342,-0.4830714800511867,-0.5445109552352587,-1.2225372905999699,0.47472255762003746,-0.9766454971024616,0
-0.07399332895022685,0.4342685950559068,-1.5608356785600364,-0.7541135086121924,1.2640178222573675,-1.4786707984344367,0
-0.562548602308027,0.19796978484272648,1.0398371219658211,0.4887433332208022,-0.03593208078456328,0.10543833093601282,0
0.9126003066990517,-0.2890294211244693,-0.36844534956909253,-0.6213033632273679,-0.08210707450415679,-0.09438170316319633,0
1.286333920052957,-0.9429012032738118,0.25627183022147604,-0.20656932933086572,-0.9094506985282879,0.5075718765702568,0
0.9288108537039417,0.39831230284845703,-1.2672609043622205,0.10578418108775627,0.9396501031938107,-0.12446899284223488,0
-0.003928621109969203,-0.09598967267958462,1.3325476116527586,1.1497621719032212,-0.41252833917085646,0.24610083198631677,0
-0.6720245293623738,0.05297698685196435,-0.7333447628188133,-0.1827893701070681,0.1180596109482445,0.6793131591669227,0
-0.6719000088277426,-0.7140067525131146,1.5795816812126013,0.11827138355366158,-0.7810594913561014,-1.7027556987896248,0
-0.023251699376432476,-0.4880691337972775,0.8492970110128474,0.3644819776769149,-0.3790230050488635,-0.3318277219586996,0
1.4511542559338073,-1.0985963590314767,1.2810021805297809,0.05613706245991129,-0.5404823569708731,-1.381552677436438,0
0.19730459012731577,0.3416326954936889,-0.28765291845777385,-0.19034387830601077,0.6368647260329167,-0.27845828174026965,0
0.32833692191894265,-0.3942931840624525,0.33604473759480774,0.0350873173217624,-0.21505692536502058,-0.789941339181716,0
0.5556311802253345,-0.6276684282019885,0.056768706659179304,0.5188264553346863,-0.9975550902819516,1.1424771631690476,0
1.504404315083214,-0.20038626580090926,-0.8399262924919414,-0.10868243673144155,0.6470814596848989,-0.05716268969291848,0
-2.2831538221335865,0.9424381045136799,0.7116442920599358,0.8962645910829106,0.19033119459393513,0.5838434324326284,0
-1.242803699313822,0.6895078196838506,0.13519861705440145,0.32483414994790366,0.005637217002553103,0.8089067650232967,0
0.2677036294097119,-0.17960510364960253,0.03272520624614632,0.2606672715615078,-0.035432312098330275,0.06690145017027012,0
-6.307410933538788,4.958916918967006,6.993428584795395,5.104686675531069,-4.3474447170333645,7.461547361695085,1
2.221910715602262,-0.3040354960754267,-0.4932205763141852,-0.4915164465644908,0.10508974252577183,-0.3038661758248251,0
-0.6030055231213017,0.7421839845744662,0.7906443558725649,0.6485195892269316,0.8183190931083221,0.007869854177138699,0
2.4150992632795374,-0.2654218339082587,-0.8648295184208554,-0.3146589022386351,-0.1035168608388038,0.10849758366518097,0
-0.08191392712787764,-0.15637845348787777,-1.2732645018468935,0.008226929505005219,0.3868802457369819,-0.1344274917611724,0
-1.1900594770768236,0.7140101172263517,-0.19374852986777202,1.0227611937119827,-0.42800207163605714,2.195157183410347,0
-0.6444007495535801,0.18826033308208703,1.3541682740879295,0.5601913584154719,-0.5567633964513146,0.6745765115146058,0
0.1885553585469694,-1.037293062739482,-0.11572021359558424,-0.5254099715307305,-0.5419182961367055,-0.7327834612162819,0
-0.9596002541379507,0.25939486084435726,1.0940241742634291,0.22533340394194468,0.7678543419843641,-1.246518990279439,0
2.777654330817686,-0.9091337921539375,0.09252305022035799,-0.06975703596371534,-0.7101877626524097,0.6011237798053679,0
1.8693439635028746,-0.6089280811879513,-0.6428068371898512,-0.7430601921460032,0.48280504302579136,-0.4974356672142887,0
-1.4894597171054593,1.0513691741418942,0.8090324002444634,1.2528555460997755,-0.07112914507608933,0.8121399027661758,0
-0.6679052471308441,-0.27759425766179024,0.26349825826455653,-0.22772791364905426,-0.1708529298274925,0.5767133046925675,0
3.02056374103102,-1.154337225635519,-0.21920357550332023,-0.5348324921848601,-0.0733693736840849,0.22787375722387396,0
1.668894124560633,-0.4605467853985766,1.016960277125833,0.038722793196659736,-0.6701614381849903,0.06217607704216627,0
1.2605942079197971,0.38450873891624254,0.643640024146861,0.08177713643223632,-0.11145006997077425,0.3545135985022889,0
-3.209158862764626,-5.840996346235609,1.9577282056688325,3.5128136152712477,4.820128887882446,2.1273906912268603,1
-0.9196227265437261,0.42046938129361594,0.23307284195042222,0.46253399151046715,-0.4090628447872497,1.331625176596868,0
0.4245764724049343,-0.9216919391723261,0.5761207166317129,-0.048606705704700576,-0.8126073732584157,-0.20785972911057182,0
-0.20896274294513617,-0.31028475133640415,-0.30668062145223696,-0.36240827152886496,-0.20126186363270132,0.20931585005408163,0
0.4999414377733275,-0.3611314692045164,0.2591664935828375,0.004036084408655991,-0.3763766973986974,0.02289658545205143,0
0.04568472131769437,-0.515913401664138,0.7248761426435725,0.7264163188527126,-0.3108844792976777,-0.029498292085944247,0
0.4283976643057448,-0.3746760974292711,1.0169889057235546,0.18990238362871645,0.07926198551648829,-0.7843647506845907,0
-1.5569001211409017,-0.002951966890564358,0.8163023045305349,0.8182885137063304,-0.570693345343038,0.7257408899022723,0
0.4813558758934158,-0.18098524878498148,-0.8996640468296809,-0.893918965510407,-0.47058855851012366,0.5445156740126427,0
-2.045379880353276,0.43874821303469475,-0.11769251973430761,0.17317118343249494,0.3012520442570595,-0.06258335861362091,0
-0.27615652607140806,0.00749205034591857,-0.6532100985732859,-0.572940246679564,0.01929062342157288,-0.33382848261160614,0
0.5282018977407821,-0.3581169390584651,-0.06823851129875762,-0.8831474997978381,0.16438368921672006,-0.6384578847584799,0
0.9057467872120873,-0.16903082378155393,-0.08414076422166893,-0.5511787475542231,-0.1400972213160654,-0.8269003407812171,0
0.3558341481307882,-0.7713389084067158,0.34298834085272606,-0.5875254461903682,0.08380835608164366,-1.431422808953977,0
-0.26859194126990055,-0.06355890071309958,-0.4571326674201521,-0.07708033008338293,-0.1277787361553334,0.20635937902806298,0
0.33417203325214956,-0.07595657571782193,0.0676341731537056,-0.21750472905142654,0.6066141872045877,-0.5104574688315032,0
0.3301865955634603,-0.16995636306533984,0.39940818246788223,-0.5954572015228544,-0.07850631644474693,-0.9037107799396641,0
-1.1275285766064846,0.07748045226489692,0.5393914751291788,-0.07656699296659558,-0.04825868673370805,-0.7309954513533384,0
-0.39443994972809043,-0.012571854655184279,1.2129262108990204,1.044398515686395,-0.20518334861983598,0.0005387790301636472,0
-0.4938501753542841,-0.6078162427255467,-0.34908496898148583,-0.7045533524628755,0.12969829053449058,-1.0170052215330188,0
-1.5403594100374127,0.409041273614559,0.4997307958097155,1.2445859807690633,0.03537881066478538,1.259789085194081,0
-1.9651504553351442,-7.363448408129013,-2.383514852601403,1.823516237684672,4.762038264042792,-11.730952676369586,1
0.5860127063226812,-0.5030043864502789,-0.5065381761121003,-0.5676863004575317,0.21263435663807279,-1.276093431509763,0
0.9895828799009679,-0.3176479134467132,-0.27467518550494807,-0.28997713633392574,-0.11949483648029058,0.44033581130900235,0
-0.6857919151858326,-0.20048338529724083,-0.09242541953746634,0.2901495032401255,-0.3842004172605151,0.6485563082117125,0
-0.03200381326794257,0.32857756667645066,0.34334926944741934,-0.2254317181150594,0.12960244451399808,-0.3240156904058237,0
0.5686980822098072,0.8130664980552499,-0.6947161854567089,0.6041843232919193,-0.20846763572433935,3.1008378929490386,0
-1.5433858395725981,0.39660325111590233,1.3676310012872994,1.4211908669614421,-0.279823158005956,0.7364031384066265,0
0.6124167269527547,0.36050240941859146,-0.4475334802659333,-0.19461304255126746,-0.44172718553548135,1.4224938917160832,0
0.00581108514523103,-0.44438954262408165,0.07954915607186873,-0.568758862487187,0.027010681035123704,-0.9115670130046243,0
-0.3595811914487261,0.37771798217470864,-0.4329765024210286,0.20243132807633057,0.26015422275318056,-0.40919585760739935,0
0.49655261327888656,-0.8330008875733517,-1.0477330661588125,-0.5138366071126593,0.37998493434063596,-0.2281095647288093,0
1.7422732754277461,-1.0771931473002176,-0.09072178142342006,-0.5553914661892868,-0.48882019779721425,-0.6923796533683714,0
1.0295599809203837,-0.3172106113877154,-1.0631449492086589,-1.1720336518797534,0.38920238396866064,-0.5737695567823888,0
-0.5944240387595845,3.1349013794738014,3.91979416749258,3.274880975817696,-3.6158220918414905,5.562847411189564,1
-0.05425130048384492,-0.102392940414195,0.589522865417763,-0.11844085769650796,-0.10935347891560201,-1.665694532793293,0
-1.3279434741230054,0.5131794133663827,-0.648014717474671,0.16072436361375125,0.4346740701941706,0.37476519132400055,0
0.7729026344424121,-0.07158013562200868,0.05788046851238904,0.5645878714988781,0.06348971647899569,0.28863341437679424,0
0.984620899270805,-0.7041087725430201,-0.5096280593241185,-0.6408689107469527,-0.038139373106389776,0.025501097739664573,0
0.9010187195582904,-1.0309247445308567,-0.375281948041746,-0.4797002917641551,-0.19165329551726912,-0.9588903773869953,0
-0.5499071512340626,1.241490338302456,-0.09655262527812815,0.6174765619607487,0.5388730514757657,1.6511965911301514,0
0.2113356665153528,-1.010414568425334,0.4017655235704862,-0.9176175949909429,-0.15418686714902358,-1.7881542668639165,0
1.6620989091064757,-0.3217888080968559,-0.22296641622248095,0.07315251103411617,-0.13904436859726813,1.3904150008986473,0
-5.435827302878455,-5.660658436872408,-0.4887231992108285,6.436470501348113,3.817119409082344,-8.379587240482234,1
1.0628297316952133,-0.8943051492980049,0.9232667830633196,0.08231013423807373,-0.050465935863282185,-1.3480110080677268,0
-0.2508790746718832,0.12492829581384822,0.13166391518370138,-0.4055675431946614,0.1544082674203981,-1.461590342702317,0
0.23562837913971565,-0.7726897056709479,1.1336898114318406,-0.46779572416688786,-0.8735088881936229,-1.4030545043069258,0
-0.6392528630480866,0.46299879570139013,0.14543749604606007,1.0645518628568458,-0.32515227863211627,2.028089966166509,0
-0.5778298929579334,0.20349253903935882,-1.1971605197578867,-0.46261462057005615,0.932854282560129,-0.4015307558640208,0
-1.9472514469035551,-6.077678147455747,2.4550808889429656,5.179580498377137,3.893371127931875,4.639763732241865,1
-1.4456119409815522,0.2242959668809082,0.9633690520581849,0.3057810785908866,-0.11579586949621024,-0.22546781297382323,0
2.597980550552441,-1.39116254367966,-1.2981923522607934,-1.5073019961566503,-0.4015515030220773,-1.6149786202973653,0
0.5911226016634498,-0.6464822445927416,1.3225153383532728,0.2831035292909095,0.16871065461335955,-1.1762513920686122,0
1.9473180166553918,-0.8924083562074032,0.048951606788569045,-0.578306019089468,-0.7106939309368256,-0.7010241996082668,0
2.7163053232982937,-0.6400284084077223,-0.9657684973225991,-0.9817295230036468,0.13445790147263822,-0.2439040246320847,0
-0.8288815359855606,-0.16028476160522895,-0.21957975097428578,-0.4878953793898013,0.26996243864083985,-0.36484411257133215,0
0.921269158687515,0.04563022428327129,-0.7549960531522363,0.023863555699069908,0.2884100093176543,-0.478513505613005,0
1.667631107234028,-1.1806923911807377,-0.46239877353263525,-0.9873522173984772,-0.026065790391463943,-1.2044159713016118,0
1.1708193713621144,-0.7881025554363178,-1.2321462013169875,-1.0157552260773495,0.5302473031466064,-1.510453579201439,0
-2.0082863603988885,0.9080489173514199,1.0422127768296552,0.8535176708633435,-0.45478843285827664,0.797124519392788,0
-0.7648820879899072,0.29701572458038916,0.10143848026459523,-0.21761903330352544,0.2346275226668849,-0.33416226742711364,0
-0.36660079843609716,0.23340041518906895,0.1574718377214111,-0.13769174331572936,-0.5124497825159617,0.16409459180329383,0
-0.5657371714648323,-0.5436748977596447,1.9144442849127787,0.014846016491765533,0.4277089927438787,-2.6172938407331308,0
-0.7929998371797566,0.8145831726849058,0.5879819842117233,0.47987183204788336,0.017741095465230144,-0.01963121240873177,0
0.629003799036741,-0.16578102917530121,0.3006012947085988,-0.2759318287650925,0.4711621314004166,-1.1780930265556313,0
-0.3906791835007354,0.6573362593105135,-0.5980834332202487,-0.13015879541950057,1.1439388273963613,-0.4829662202168683,0
1.8522213140619892,-0.7339466656418794,-0.4364250351390993,-0.5672801699407972,0.0795184736368407,-0.9958242731567779,0
-0.9907041387413208,0.6467050653609618,0.7163879167928022,1.2227241228877053,-0.30354687405987063,1.584419490626437,0
0.6165612288513859,0.1013978091263057,0.3758007455492427,0.8276371096277388,-0.5100954320366967,2.43746942809397,0
-0.33658219603813005,0.59732206692618,0.15022946518351554,0.8480955396036791,-0.7150002095579463,1.5920659016615892,0
-0.5972398118391291,0.25035535333601616,-1.4362445621105733,-0.0592532866661078,0.5280739216784631,0.3693222857091294,0
0.42817687725644565,-0.5189309832079875,-0.12693565856337258,-0.3059268824228758,0.0070050713872791106,-0.7657054176349144,0
1.1311355510328123,-0.500745657004284,-0.20225444102456352,-0.2825588852742154,0.5108696896141321,-0.5506917512071334,0
0.7774270523274251,0.38857583148777014,0.14908407143618344,0.38106258201618015,0.13174806031786196,0.6193787421982121,0
0.2986509733862854,0.5194830403636292,-0.4639903518373628,-0.6670712864591337,0.25850213111103937,-0.5897348979504223,0
-2.093244027956042,1.1836614300149368,-0.16247730049816242,0.8372404415247037,0.2402662659033669,1.0580062874516407,0
3.0877681209797534,-1.7570313308402217,0.33549988000961334,-1.5344619413300948,-0.48333545467446315,-1.9206835932782205,0
1.5637548796184426,0.0007555561984493572,-0.015289857545169228,0.4522048337280905,-0.33364283088950436,1.7741363772158334,0
0.9777310665267597,-0.5012318748930293,-0.943430146863564,-0.622455611417777,0.08151303734015174,-0.1701632586896827,0
-0.9500013142669749,0.37517783310939967,-0.014707148936565929,0.24297199808902564,-0.2740900540513034,0.5912418284021734,0
-0.3328537227859439,0.03233147991162112,0.024586455074993702,-0.5560284750110164,-0.0306218149508241,0.354642216371309,0
0.41582633700001287,-0.007926869221208397,1.2681375541548878,-0.08965942941231382,-0.4305738504777847,-0.6192532339656592,0
-0.020276274508658723,0.16963682761759746,0.8883673615934979,0.9920495527798728,-0.08461131656432695,0.8238136618573104,0
2.3528192838823796,-0.3942681660356721,0.1711263613277371,0.7979120358784195,-0.5321273467981993,1.555091084200591,0
0.9964699950522266,-1.3228874956460348,0.49687217603978856,0.07894509248740271,-0.3299049317526738,-0.9872813140014591,0
1.2217381384151897,-0.6902388017552273,0.5953217309736718,-1.409621887587625,-0.4409677036764141,-1.5430107689645847,0
-0.1259013217153945,-0.7549755445735571,-1.1320329726622445,-1.3257075199825135,0.4671279695666184,-2.202355774852239,0
-1.2752805002462708,0.9708706397049958,-0.7683914403479855,0.3040858642921712,0.9841517928379718,0.30044311774985616,0
-0.2565583975707908,-0.06948770662756437,-0.03955087600623301,-0.914588908578883,-0.22735085047735804,-0.4380806207143362,0
0.48671610199909254,0.2739666349065039,-0.6464192785207743,-0.5713418921741026,0.15760756855509564,-0.10563324702905984,0
1.7137875764839576,-0.03991309461095917,-0.019714669837850696,-0.40165316533694323,0.14265745974808647,-0.4047393150395772,0
2.5579779736392685,-1.3116012308627238,-1.8853816387082023,-2.499626725175531,0.6679769835059004,-2.3946961619337963,0
1.6497620299694589,-0.9548127946907867,-0.398511556502908,-0.7445051114342777,0.07281480727058644,-1.2010823730659614,0
0.7968515257739681,-0.033277980386229485,-0.29649777986472636,0.21912907234175355,-0.5994136255693487,1.4858562013952192,0
-0.5715767751612855,0.7680743696910263,-0.35109675807691415,0.6744345508952367,0.4638284427176531,1.8306097631037734,0
0.6690952881727537,-0.5797407555658355,-0.07716343738268985,-0.6445789338577861,-0.3653994127722083,0.2741795206237427,0
-0.4555195065476324,0.29274287026491924,0.1557494477427829,-0.1371411745922677,0.32162286812722407,-0.024246213410832752,0
1.5370166664823655,-0.2642260833532452,-1.67557841969415,-0.9706346023312996,0.49853186804951843,-0.4083547943565888,0
0.052945881779351056,-0.6869637279025892,-0.0972312120133672,-1.0421389578013829,-0.22375263668774184,-0.6755487136410219,0
0.07708373591829412,-0.05330036694537454,-0.8606147449730459,-0.10594698752959746,0.022740935726540054,0.829266573984248,0
3.035146783249377,-1.460453081189878,-0.20831998520285697,-0.7773652248743779,-0.3213114232412876,-1.3678380822222194,0
0.6083035750496122,0.11050779684560871,0.21807609843082765,0.6804169000102265,0.12742524354593246,0.680784571793915,0
-0.8988900326959148,0.09845934444286591,0.7823551561726194,-0.03600482460068711,-0.3361766726174179,-0.3604217069665266,0
-1.5800902905312733,0.2851896435579672,1.1374595439972777,-0.08268837921318,0.16196907312641368,-0.5130020121507161,0
-2.8589288989810084,0.9002532304927868,1.0310222317162376,0.2865504670424805,-0.08273690610697047,-0.9732750436698964,0
1.7788599201697706,-0.5906549506881377,0.39113459449897964,-0.15746386622592173,0.5913694794358803,-1.889821403632011,0
-0.5385872686118952,0.5291118018453725,0.4493170952815733,1.0207395072860068,0.22347643772144538,1.061680546809866,0
-1.5614149361351053,1.2194152335177635,-0.6370768292832598,-0.09247615017706147,0.7076297151128511,0.10378298737279616,0
1.7022798336289449,-0.19042713117554885,-0.6280555453134994,0.1277552510207173,-1.3427046606124715,2.3411127784969445,0
1.2276499286646116,-1.4788898363592498,0.11446916562339392,-0.7884108132566097,-0.28721837018715607,-2.4916982568917927,0
-1.1402501947468562,0.4155865867405145,0.7666271932760883,0.37764431323567893,0.26566416027565665,-0.42776720265165374,0
0.4029841632771287,-0.09824945036411,-0.20466197897688435,0.22030299229776693,-0.4975774166198949,-0.39400934928703807,0
1.0649997812158543,-0.9292021298358588,-0.522582589053748,-0.2328563002707947,-0.6216769068954275,-0.04252648865376576,0
-1.4085288729419583,0.37272944921505463,-1.0920011343370608,0.7005376685779736,-0.11267588519485996,1.0677123448226138,0
-1.0020736156626313,0.41230796725518976,-0.37426361183560714,0.6931192211594047,-0.33499595086991435,1.60752951402043,0
0.8849805956863027,0.2684636113602794,0.06668973772976973,0.17303523899236778,0.18979027489476102,0.7599949082051595,0
-0.46520339876004796,-0.05179820994003393,1.3907730789225756,0.6307548091048016,-0.46452593115343965,-0.2588316687066628,0
2.1096031894305645,-0.5761217984647525,0.07601907869919686,-0.34025962494021633,0.37349796140329655,-1.544524605731791,0
0.2279555606042461,0.20449440455071008,0.46835709304048195,-0.06365946833426048,0.26735290669967227,-0.04000053855182251,0
-0.05841164021346856,-0.08001439183766687,-0.12187448171374174,-0.3322817195337306,0.7460926784434951,0.1460682512660023,0
-1.75957925096028,0.3554755391259176,0.5610770866460426,0.5230677619555384,0.3438758414620622,-0.3283999719209962,0
0.5302176039015577,-0.22143280232215823,-1.0674179611628747,-0.7650130661417363,0.3364307421156776,-0.15894562276948307,0
0.5300568982172617,-0.15151785997745446,0.021644836265451804,0.6170719587093118,0.2053507447204481,0.42597515523734225,0
-0.19337234274674356,0.0848417011223805,0.7791524700114445,0.7849687032592468,-0.061409273750308954,-0.2727369375278173,0
0.20876062188469258,0.44425093317604897,1.0839674019979155,0.6223782863376217,-0.07269898139758539,-0.04344831036142998,0
1.2366518095799923,-0.17915701245677199,0.5047584588068815,0.15004374501858442,-0.10945681104075543,-0.5242372717126428,0
-7.114097212528275,-3.9151270625805585,5.471277692465687,6.86782508798141,4.473135800668651,3.5003483552730588,1
0.7041491018822227,0.03327798313858816,-0.22202439649227695,0.60976381710441,0.17528100318523268,0.1605301097134227,0
0.55605444997479,-0.15925481325175317,1.4734358772635914,0.705088468821606,-0.35289273732486,0.8703758511657881,0
1.6223930617042583,-0.47630819462937196,-0.44169235806467344,-0.4366296338048666,-0.5772181640382765,0.5871853160431248,0
0.5920422000905057,-0.22070144572747036,0.10779877744591027,0.1686285328288886,-0.9575702803788648,2.1829676380704375,0
-4.676968842600147,-5.971777346740766,-2.0436163345538323,4.194188895539453,4.281284790380367,-8.213087554546906,1
0.08632679983771721,-0.1281365790605557,-0.4171162884331752,-0.3538185775319651,-0.0417541885230365,0.0727918871843523,0
-0.007804661364083569,-0.21550403436505533,0.9447147302271441,-0.33162043626334314,8.988588350157783e-05,-0.9874846219891747,0
2.249521144889158,-1.490255455410634,-0.011161425681502423,-1.1472916173301888,-0.23149385916096524,-1.9861027777412825,0
0.49218619491812804,-0.559335467524886,0.5696278828302702,0.3781024911740352,-0.5830846116120034,0.5977477338510178,0
2.2764297661245214,-0.7583674945427157,-0.6089568527113097,-0.4802680672182313,0.10662366163603838,-0.29800486803645543,0
1.328190822692005,-0.6852369064608561,-0.22947558706888888,-0.2029767401046697,-0.6429069854666086,0.8825586010809814,0
0.6862973898176703,-0.30648002727562756,-0.4834175736535363,0.6472802258142168,-0.9805783282092947,1.5830519717037055,0
0.13063671791247333,-0.18636598726376183,-0.0035732866120014696,-0.5467804424323464,0.22848965005288277,-0.9378842824320109,0
1.3788332241189138,-0.6258738738987436,-1.605991302181177,-0.6887808457320095,-0.21336284291491114,0.3386018140934007,0
-0.5966815201008256,0.04148594817836325,0.5548509892511998,0.7478680948338029,-0.3613821697410478,0.3191182240716682,0
-1.1119968646385479,0.7074242184607725,0.2193954508520787,0.3655072380000759,-0.1380108878095224,-0.6367315241900147,0
-1.1423304466884927,0.27442927163505887,0.09351362113572538,0.032293430409541406,0.18460514911273493,0.1600560383059018,0
-1.0520986134513555,0.568356115731145,0.7026001255174487,0.9342350993483439,0.33035148964835653,0.2643598294779822,0
-2.967197018578558,1.388742055463661,0.07184307471434424,0.9210033149671102,0.30301054422347795,1.1664264938816407,0
0.8533714762668458,-0.9392596693540275,0.5629050321837694,-0.18280236141851067,-0.4688813337672265,-0.8595733841680057,0
0.6912842963650713,0.2960226151954225,-0.4854274496545337,0.825568319041746,-0.42822990126033555,2.735179493077008,0
0.6115328375317886,-0.3831143197259091,1.1480643717797308,-0.09570877480805762,-0.2118930248652177,-1.0009183154456096,0
0.058683246639664975,0.045982008844639814,0.0659527334652637,0.5842526891227249,-0.24209198471082374,0.3621052089391062,0
-0.3847036758931355,0.13741065225929064,0.22803560537703407,-0.014608494368026645,0.48488186823687296,-1.5656583841888383,0
-0.9053319482534263,0.44877063489427427,-1.0643084034047934,-0.109588594763867,0.8681655825213405,-0.4053044148786745,0
-0.8927576881903936,0.5939638181111495,0.12397336922469708,0.7184195247243534,0.16934649585722059,0.9002389335625035,0
1.0666190667074509,0.10201222805698,-0.7679198803727514,0.14882571002062125,0.14920695234770448,0.1836838231608046,0
-1.1070829785489884,0.24038575466687764,0.042874265401310244,-0.27320514329578277,0.6582157690840126,-1.4855065310309619,0
1.8255716029408502,-0.7473409211547872,0.15625312841001232,-0.2835733402445809,-0.5255291928450677,-0.20287462477568796,0
-0.7510375130230376,0.7226765983993996,1.0170280005960424,1.3265277024641782,-0.2125646836590938,0.544558036237163,0
1.1677895700138465,-0.0733253603787887,0.017920476175525238,1.2929946470561497,-0.7445669315069063,2.1523271701792175,0
1.8475742944262583,-1.2277360659265404,0.5242756410647214,-0.6600059850090078,-0.1721025113213776,-0.4951741899297866,0
-2.5840256695997565,1.4827864407126614,1.026839870100139,1.639677996771689,0.11908166049991901,2.2306802747264887,0
0.31000311248066587,-0.02169000299539148,0.14084011569944335,0.5673348955516041,0.05026553024474079,0.9825119755681173,0
-0.09854372077636744,0.47751801606381866,-0.37986374769599524,0.570289597068077,0.17428917907205282,1.718398909056957,0
-2.067100495078399,1.0079172544139856,0.38855631120213113,0.614843829201748,0.25327143985272665,0.11679341311693371,0
-0.7369063105901106,-0.2226299783478692,-0.3709133768810964,-0.21279316081346727,-0.35422981120919517,-0.44547204148174835,0
1.2861083426956619,-0.5110473314483235,-0.7015227589784915,0.02218577868867756,-0.6231131167614828,1.490112631987416,0
0.4934401068860049,0.2501164252559071,0.8416629305006911,-0.22888276654208228,-0.03176175586294632,-0.9872682954136756,0
-0.8576270895489135,0.7678427662174038,-0.25279364427809575,0.8377165225533607,0.31556188766840637,1.0822358584656502,0
-0.0598881699567325,-0.2058777743901242,1.1785708692615195,0.3217683859443606,-0.050724686009019436,-1.308412095486754,0
0.8912696156608181,-0.09547836745244412,-0.7178053972116963,-0.9510963189327484,0.7249182508069616,-0.642040340511055,0
-0.7997654451130587,0.26036095966153683,1.0745982321411847,0.15371063560372825,-0.1821083946524587,-0.4173542947058547,0
1.5516594858536097,-0.4134229463132148,-0.3757804209807197,-0.6338083372618758,0.12818763030826308,-1.4154032803746492,0
-0.206166695390087,0.13875803810138948,-0.6793471606314234,-0.07000025739625534,0.06963024175697231,0.49493817464785494,0
-0.4214547326953877,0.3375439128674398,0.46336729077261996,0.29173539440910523,0.052778298645544994,0.44482779838497183,0
-0.7391396586407983,0.19783173881242946,-0.2663536629444993,-0.26614384107335265,0.5232319283771301,-0.7189992047486401,0
0.9615416051561307,-0.27167273462128844,-0.6256997637459187,-1.0431842233444715,0.4434343934939734,-2.195977904417646,0
-0.20643040483808267,-0.21063091173125328,-0.64885163124383,-0.5337245970739366,-0.005243320402276126,-0.9781344888730864,0
1.5199034972055372,-0.568333197719363,0.6919045194611871,0.6908183184455564,-0.3536561236763108,-0.8181377859708701,0
-1.1897681770128559,0.8722394273739426,-0.20979518417526868,1.1370436887849176,0.4514933130370895,0.20991132866182483,0
-1.9068729235842614,4.377485657962026,5.328898506864924,3.398463680518618,-2.734874461549868,3.0962799817191136,1
1.9249143140094982,-1.2924565610579397,-0.9474728279020872,-1.3188819280621866,-0.3096528040377746,-0.667531767286594,0
1.9977841759752852,-1.1115318976967585,-0.21220078425245742,-1.038135544092845,-0.4379682911139699,-0.3888375692695901,0
-1.7411210340358296,0.29666700775072735,-0.5992465671742309,0.31576666245622387,0.14651737743700843,0.4197693729305959,0
1.3076896937841587,-0.9149864108613995,-0.1171659812309589,-1.0552679193076653,-0.4114922415243614,-1.261729037677284,0
-3.533755170102589,1.537864465982537,1.0583937137862003,1.7090337696826376,-0.49402416223404577,2.3415405350936584,0
-1.9996549165572939,0.7446469505260149,-1.372877621424189,1.0849803304367238,0.04426374532483746,1.3386606048297687,0
-0.3979807381911602,0.5382194711636893,0.5961306525718039,0.42936624464561124,0.655803552071584,-0.8231677934222996,0
-1.2265947810966165,0.3680388066811914,-0.6519453398906614,-0.7963748422745751,0.6047504446416951,0.012340184760209238,0
1.0625079465536624,-0.3421385572977994,-0.6506209346181836,-0.5303858995446888,0.2515919264966077,-0.15412264788010094,0
-1.1348849727951145,0.3313790443212303,1.4161852550002034,1.1070729926258738,-0.24883246900335976,0.6713216727423011,0
0.612566390551982,-1.1092035674970822,0.21669618027865697,-0.7849686083401347,-0.580820713792573,-0.24846701680397668,0
-0.008493558737383146,0.2801666022374748,1.0646646695232689,1.4426369290749854,-0.37379190825604136,0.6749098484107339,0
0.13588196156735668,-0.16785229787104575,-0.009852821264286084,0.049571148197402944,0.08101792227989582,0.19257945805086618,0
0.5506835334843339,-0.7820607856857119,-1.2309981882087349,-1.2883726692979716,0.2976552100980019,-2.146685417401486,0
1.7387393458462288,-0.1172217256592545,-1.2691036028527185,-0.5725447184454383,0.1067618026478408,0.9918432095363403,0
0.8746585778509159,-0.7740629050402499,0.33908580864047494,-0.3984771100868498,0.41266299531851086,-2.0703542525403176,0
0.023190588989426265,-0.06874175173709943,-0.43898424114607293,-0.03777789008255183,-0.6608281065782606,0.4647209647698644,0
2.3836967874206,-0.5807933040109512,0.18989210481439922,-0.2972617261405374,-0.3931563361655518,-1.0072514550635352,0
-0.6597350857356692,0.3768677404108023,1.4079732456960536,0.7078110700248057,-0.6949838777897102,1.400514982849141,0
-1.2585531627445037,-0.07004294685423972,0.9596781326016277,0.3181620597259253,-0.11830042467810391,-1.0564809424707604,0
-0.8222589724921191,-0.23316234029744307,0.1896190812155578,0.09318353447856291,-0.2549616425405082,-0.05727770508739221,0
-0.41998011398196894,-0.47464741975207797,-0.7502916142113045,-0.7652224615543857,-0.13836576383300045,-0.5618717460054321,0
1.4955041587306102,-0.7519187519661323,0.5144870103625029,-0.23410092902624516,0.16198761497216255,-1.5662078679342852,0
-0.32198926908197917,-0.10409680867721484,0.8905361796329603,0.09382860737897214,0.9782558994300331,-1.7438464058506946,0
0.5692647119755951,-0.8239576564536347,0.8749978147247701,-0.3355922616506442,-0.7148289197483723,-0.5206044451772588,0
-0.3963598083124283,0.6973160423584175,-0.6684109968350952,-0.483221494560797,0.3946297157228973,0.15527343420097375,0
0.12795415106798363,-0.12712808512463053,-0.5310288370853659,0.29769839258275493,-0.04953511045155495,0.2800690638254822,0
0.015310377938422843,-0.915869836444474,-0.763674636451312,-1.5739197845229023,-0.12244008290550726,-0.7524955365303506,0
-0.6839160966674618,0.4642153295001824,-0.32908275014288096,0.3479369417012757,0.2998705049528187,0.9538544536687248,0
-0.4632349564310081,0.40661504085561023,-0.2910952615830052,0.22481847805822894,0.4499442485390836,0.6196510857652151,0
-1.0315336101933974,0.4134492916825447,-1.1482957112446524,-0.4553084473908592,0.45443866203021666,-0.5784489703059067,0
0.23756984036883455,0.2914982529406322,1.3855199442415016,0.493099448695356,-0.5467860516991259,-0.22286177898792167,0
-1.1681567969519833,0.5229595331131899,0.9161217987791216,0.5657839845977405,-0.24848926205763197,-0.1662205640080361,0
-0.7939797143695038,0.7323031783028486,0.2212294721503761,0.2303349528509076,0.005268639691940066,0.4424418988400121,0
1.0750661423285754,-0.1540652762301082,-1.3868088356353112,-0.6158430197198906,-0.03319380883435874,-0.17900110357322127,0
0.011922688090622673,0.5958969889318069,-1.2190776415262354,0.10855384548275039,0.26769530310666545,1.2568678942790505,0
-0.148390404175863,-0.0927482249733005,-0.911050423560931,0.42306239761733894,0.5395007444105058,-0.2545419321051616,0
2.521046471693071,-1.2187657331224266,0.05781523471359239,-0.10975060374018188,0.3175340071791024,-0.6116880175354057,0
-0.7786584928499779,0.6309348541697631,0.121557295261312,0.7205460055693312,0.17267705294007663,0.02235283178393559,0
0.36312699134299553,0.6360429626369347,0.556719014464938,0.5699802313546979,0.8246049806719199,0.22863498259525686,0
2.0715907454183053,-1.107482201879896,0.7233214433956416,-1.2043440278878665,-0.21214240486280317,-1.658459543294772,0
1.1259711121351967,-0.5150479715776818,-0.4214999317966837,-0.3891181586565384,0.1891378700900922,-0.49306829405088953,0
0.024976335763991667,-0.7819460048823419,0.07059015862213185,-0.6746002530235907,0.31605740850756114,-2.4375185133002906,0
3.3799241449918362,-0.8614449975855919,0.344229947959438,-0.36901767494217463,0.22714679444343142,-0.7934776184671695,0
1.4542161326148924,-0.43795100655079,0.10171680658464148,0.11727413697923607,-0.5590458356476218,0.34022788349446914,0
0.9458737537924627,-0.23402382411155934,-0.10324493625176082,-0.30209059299537633,0.29533708374113166,-0.7638456374174917,0
-0.8558706371568274,0.050237981446290145,0.321049341450603,0.04951663267917303,-0.03182349131677518,-0.4430716958505875,0
-0.018516131057533837,0.19824169973188124,0.18826273837471794,0.5485107773074775,-0.5255189029607891,1.4761706135796624,0
-0.6399960927636584,0.6713154443834127,-0.5155076386522089,0.6414236775691912,-0.08559264363372464,1.3849840316297621,0
-0.5003770257927342,0.5965298938282846,-0.30828996492645655,0.4095363885138598,0.4920964098127187,0.4576582400537956,0
-0.8054155857358983,-0.24522326687605495,-0.5748601124295828,-0.6070524045327897,0.00948009190846746,-0.279458713935864,0
-1.3659485351918286,0.24325227789367898,0.17556678465511555,0.5899628997545024,-0.2651795173664094,1.1049724718527842,0
0.15999490865238353,-0.07342135851895071,-0.7356908984836407,-0.3151447667169405,0.24377749000764987,-0.30980552010122603,0
0.6379043130090994,-0.25262934283343885,1.307393872974001,0.7951010171721169,-0.3483080242902175,0.1106579129401642,0
0.4605175373826411,0.2806152302938513,0.1696448308681132,0.6578441396948963,0.5188750063174222,0.3588053932582757,0
0.2034867787764385,0.3899750255147489,-0.5677850084329781,0.01569713363761665,0.00425793068741855,0.7667917536792523,0
-1.2956225303137652,-5.1715824737790275,3.434479460774801,6.582412749849098,3.467704254085946,7.234516244766684,1
0.0444187055918978,-0.6952594693084438,-0.031153301890073398,-0.4159733532048782,-0.9075114035229709,0.08570459336822245,0
-1.484905446385956,0.4601561102793837,1.264253693289164,1.0267176784848613,-0.8341045212558283,0.5558237733256506,0
0.32352043097933686,-0.35263285893314256,0.0690916744013725,-0.5724624948451663,0.3100094827477289,-1.5760841153444702,0
-0.27938651280224086,0.04932943015712388,-0.08237817087656558,0.29533529302541595,0.2749068828843222,0.20784943706556214,0
1.7667348222478894,-0.5826580949530787,-0.43490818772872913,-0.5873322142134155,0.25292596701910924,0.06822759374051213,0
2.135949966958861,-0.5489071493844819,-1.0929917628203853,-0.9563771364004503,0.18792083701784668,-0.2499594168563443,0
2.5092171400610774,-0.6106349040151161,-1.720427882280974,-1.455712437236734,-0.38057287973771353,0.0036377455648784183,0
1.515891095891137,-0.7410961594325395,0.4571358092372744,-0.6985708935115439,0.35752237830991346,-1.5788455819906153,0
0.8683840366654123,0.05479234384748943,-1.2334210946968602,-0.521523014957797,0.06442343985615423,0.8147137670735549,0
1.2439936929291109,-1.04450949718314,0.5790297258272534,-1.2332229543867455,0.0744078370370562,-1.8550242253738418,0
-2.1731546258093006,-0.19953846703691266,0.020111544968133065,0.33771132480480537,0.14626763192423986,-1.0715386639659055,0
-0.17119068920676975,0.029014552994708016,-0.5550411160621401,-0.07195412850441756,0.32857530008433067,0.631951775325676,0
-1.8386476385665174,1.3295629263304538,-0.680894030591401,0.42018079914526013,0.9691927666762261,0.2713535131169326,0
-2.0347329959045,-0.26751545064195714,0.8954144153618094,-0.3680491235876409,-0.6831245098838172,-0.5582526785061658,0
1.0749962130301305,-0.5481799349187074,-0.2854040953111971,-0.8880352787172426,-0.7737627089196575,-0.7963466431914319,0
-1.41032551193984,0.04078163308264477,-0.14119337673100119,0.07918182788316287,-0.2857507968218454,0.6923249844011384,0
-0.2176871331752077,-0.09791117663669485,0.33452862024891944,-0.4752424501426283,-0.11544528835560779,-0.5067984111695132,0
-1.5518094167365686,1.3006431385031365,-0.7194406293779789,0.6582211470641898,0.004968714823948967,1.6104164145476405,0
-0.38140004203769357,0.29687590980748435,1.0329456226392166,0.01640511293608902,-0.15749879781876294,0.1359606038100882,0
0.5858731185079503,-0.4650385491309255,-1.2448683764822746,-0.6505102592126492,0.30374590306344973,0.1175633689419842,0
-1.4476760945764477,-0.35886179503844756,0.27135322183285704,-0.49930138584984946,0.17270612088886117,-0.5185496188418509,0
-2.0770426743183403,1.1073013616431133,0.23316069994531893,0.8761769544200982,0.3855845776192262,0.47922874219228,0
0.2643304082230667,-0.5252341768642612,-0.6726064580153882,0.4851683443582536,0.06980361254028432,0.8518929733039433,0
1.1624409254463082,-0.6616484509150515,0.010625327099717237,-0.06043957100131086,-0.1709510560618721,-0.4240329991062879,0
-0.8482347774348739,0.6184411712947407,-0.9750327568039403,0.31593895766351077,-0.2680792648945789,2.3775688814896245,0
0.6277370459738397,0.7700213343687382,0.26502863125606146,1.3437667533006696,-0.1122690911613736,1.6775178411010472,0
0.7915952376653564,-0.7810021501957366,-0.7217787473195918,-1.0530372162638952,0.16621552968462527,-0.9382229058265661,0
-1.3239871081116674,0.46628537130717046,0.9728828552834509,0.057333052433581326,0.07993819586171108,-1.128552292471929,0
0.1404548271704927,-0.18182557719682385,-0.747288091504525,-0.5259635664815449,0.14131578910788295,-1.5414382369853863,0
-2.3033901250860307,1.0608691576733074,-0.05138936098902642,0.3164132399804777,0.8976346487313831,-0.19738950068059782,0
1.2287339737504184,-1.259832699622268,0.476683667341385,-0.6107098397486116,-0.6958693689234239,-1.1108834844336457,0
-0.5882092903319833,0.5315236035923856,-0.3201734748639646,0.01035961015290573,-0.30830070103249163,1.8162446579506186,0
2.4467249256606163,-0.8253094014666466,0.4044217915436984,-0.8465593934719258,0.07157889112688177,-1.7157309313569753,0
0.8190293477467414,0.4698689728264379,0.052904517842612964,0.9667413291974182,-0.7399960528988947,2.3291617422091524,0
-1.7912884853409556,0.676815210245836,-0.7549907836413076,0.47624687458895026,0.4147725798630627,1.0057414665052284,0
-1.4637582179164317,1.72644728296764,0.062275344455621995,1.8526605812306718,-0.32711434232235026,3.596399592839903,0
-0.10913316544173916,-0.328474695069549,0.7471965839823387,-0.22905572431513418,-0.11765553485203395,-1.4991644924527405,0
-2.305092216615042,1.2133524423061155,-0.8270393234856671,0.640207351628751,0.5679087367001885,1.4395210312442575,0
0.6048856887328428,-0.9646659387138283,-0.36284293100520837,-1.5224001613418414,-0.4546320131793726,-1.2953058254801695,0
0.020658995220269583,-0.4273098700810617,1.0542041564175235,0.902157080527481,-0.7946704583674715,0.8623729273567998,0
-0.06713917838919749,0.11386624344348291,-0.47847357795457246,0.21176328880420198,0.5086169767460514,-0.11260471718503834,0
-0.030791768391256687,-0.6184353394623816,0.4910987318794098,-0.37304497741113546,-0.08973854161513893,-0.7447085077709503,0
-1.484028852013438,0.37255589776694387,1.255097865141022,1.4811464364704052,-0.6850774523626817,1.1732172075788065,0
-0.8409292249623446,-0.3149963215528975,0.07920459592939952,-0.792473582231679,0.08875011275532194,-2.189396799233542,0
0.4963049149205244,-0.9460175113887855,0.30588574608030106,-1.3470048082782586,0.12968029207592685,-2.2454978299444295,0
-2.2951714682952318,1.126913847443397,0.8566246902654046,0.767401670730023,-0.39214438224045456,1.2265633567342118,0
-1.3715866425540115,0.2972610671820448,0.48290008675943563,0.5437624864327345,0.03115347710421038,-0.04490525775021465,0
0.9477867628428958,-1.0984667746680266,-0.16149262435384082,-1.4950779590791219,-0.3837338647598861,-0.5933993682016894,0
0.7044537753792076,-0.5187075673445242,0.28082624700405123,-0.2945572036677694,-0.38481318589133556,-0.5707024199835097,0
-0.8091798757103063,0.24358074648106945,0.8747676965124259,0.41487752465439137,-0.9324532202393983,0.5814664456706488,0
-0.1648959200502533,0.9279173603742048,-0.4207227608294857,-0.0728482107753438,1.0643873555323218,0.32644001193214295,0
-2.3298557134607556,0.9113657923333225,0.4508146382895451,0.8183411386750097,0.7298719231209544,-0.0613128460259581,0
-1.1116029452793754,1.1748267479651175,0.22132256307100281,1.0936316137596576,0.010370523865895013,1.1557886630775966,0
0.49915875877440813,-0.051688623402560904,-1.2637514513785288,-0.3644773378867549,0.5461574826106319,-0.2813889065015793,0
1.0260521775465103,-0.42934840421376697,0.926951155057135,-0.19193101074358462,-0.4904532388004248,-0.4820457224298007,0
1.7167222682141199,-1.1944890425149615,-0.25562009647749073,-0.5071403291568624,0.1279960867253266,-1.6287523281286578,0
0.8115185867693302,-0.14705626120901866,-0.25361155946737235,-0.34429320408295644,-0.12813927906808234,-0.5987518389570501,0
0.52185597825907,-0.38043901178628087,0.8176865567321351,-0.08152772705751732,-0.4741294247873311,-0.13626436843100645,0
-0.47754323431356704,0.02505013306545148,-1.1275969757597086,-0.6841016039476107,0.32059606349535597,-0.11275219122587253,0
-0.6120347777383023,0.0953319367961475,1.5336124277414294,0.4190824561206156,0.019574350212242096,0.5243935392539373,0
1.1698826205504669,-0.8018393891665151,0.8571023817011124,-0.6691392800901927,-0.35796454966896024,-1.927028385146094,0
-0.9949864531577279,0.4222559116910644,-0.07820416449861191,0.48519658462684195,0.1181100397195255,0.7451560921454106,0
1.855968889344813,-0.7618624403956787,-0.8661175264289932,-1.0006938652390656,-0.2425499077975353,-0.9795627456186826,0
1.9434167367770407,-0.9303193493362715,-0.11485180745040108,-0.10351616013612797,-0.5594773612729862,-0.14066980294065798,0
-1.4079053794299354,0.5908721333421926,-0.2645413924494615,1.083492660170012,-0.6296097315218305,2.973166482444535,0
0.3469079290429262,-0.19545003409768227,0.07877585895011864,-0.5006143159105978,-0.44327390973299263,-0.6174440208374944,0
-0.5121244770000353,0.48519299458071696,-0.6544269906509971,0.5748568829372114,0.10835301110767073,1.4216310460383785,0
-0.9719956714802196,0.8193986015245134,-0.9214267065344567,0.9988926501000566,0.2243043898090926,1.170637964582482,0
1.0025085592816008,-0.5023356860212606,0.07742636643634924,0.33311699695221436,-0.457648547522543,-0.360601225759814,0
-0.4234853176618014,1.063738471656201,0.039849367067472906,1.1956652282925069,-0.216083333392897,1.9975573955461523,0
-0.10776302588291901,0.2167952741937372,-0.19788153577847992,0.24687461980346512,0.09224611378962878,0.9569999160405631,0
-1.4806733526875513,0.29463599973708837,0.5008652943184132,0.26482874069237944,0.2930728707315995,-1.0163663326340364,0
0.3434839160766963,-0.7820591036593012,-0.07381824148276879,-0.8697123487125098,-0.10470893740059492,-1.3845626469910075,0
-0.1850218040642501,0.33594452026199273,-1.0192228944722648,0.016172950241691936,0.40959690757479633,0.24471481171994444,0
-0.9030206919266422,0.7923706664681879,-1.1026363599581612,0.171389015915406,0.7292941504489102,0.5579658278526457,0
1.9183644035218095,-1.5374804619024047,-0.35454319364478404,-1.2245035852115147,-0.2558078736275775,-1.8937777124194484,0
0.2750694111464576,0.09779520442062971,-0.34618449976046867,0.14191123524629778,-0.5307039051052025,0.8211022650305654,0
0.6226340149776531,-0.022364684786230778,-0.658792673508859,-0.6125927948721189,0.08698352594009497,0.680528481936873,0
-0.7370191788194789,0.5542658698086427,-0.7094230441937415,-0.2695990468303236,0.39492222179092357,0.2259077782225598,0
2.1148726201633417,-0.10343260352694711,-0.6588381918600656,-0.007202158077229917,-0.18398393511873296,1.5961751165932148,0
2.1214524398057275,-0.8787079391150938,-0.07994068883145652,-1.0085247761660519,-0.10408025594036725,-1.3617822737335268,0
-0.6703374058983583,0.40957401608976807,-0.7619152907628087,-0.3034793038333181,-0.3145012360722376,1.0609391815843412,0
-3.3754249113471158,-5.570254977796018,3.31546455922413,4.764526443643462,4.600131745836349,3.6597579851182056,1
0.09715618073586493,-0.18505855189285314,0.3326813780481364,0.5540573994776197,-0.284109382036585,0.1926877599433027,0
-0.38361654088401104,0.28486996689815125,-1.4577816975781628,-0.011193219048857374,0.37057179605669194,0.009805883722111254,0
0.8637187565075964,-0.27053205656297347,-0.763592242076775,-0.1444461544278452,0.05645543754051583,0.5171395497409396,0
-2.969609770510933,1.3099711415782958,1.125337167543652,1.375152154614545,0.22506397130568745,1.0544564519245452,0
-0.9598267940023386,0.009804090606751423,1.5168170613303558,0.44385206524145804,-0.33549285877406526,-1.0570091965046757,0
0.34189968274201715,-0.3084535381702778,-0.3338288784690372,-0.20836032894501622,0.037524775807622465,-0.7915760800362912,0
2.119699439367174,0.1844221873949633,0.04254883116202192,0.7387020411983911,0.2006089477644246,0.9456037417490213,0
-0.4990927864968961,0.07693504466695851,0.7522399573789537,0.03346654860590051,-0.35413261794552475,-0.9395754610869208,0
-0.730166761505095,0.4597219502468864,-0.4458166476163518,0.6250405796364404,-0.03267604284549554,1.5166533650436842,0
1.0662887027100156,0.34531717276089124,-1.294934544222009,-0.19504126006721442,0.17696081062410365,0.9126477895905846,0
-1.154266668682213,0.748054132854172,-0.3129563206211724,0.4303772587398116,0.3346095442437099,0.6738364929046702,0
-1.7477174335787038,0.9391707401477918,0.22331227387488248,0.1965930273439306,0.6454786247606248,-0.3100440758160859,0
-1.1646205846239592,0.78149503315565,0.1609148985187209,0.23756693864721679,-0.06150941906398868,-0.02253643100685476,0
0.18769547572147552,-0.5354336341968792,0.016721202747694862,-0.5492058433759709,0.03621267801011961,-0.7868972625042702,0
-0.08395263664257926,-0.5117692370597685,0.29414824256229655,-0.3015085893931954,-0.8988476108839025,0.22263469214551998,0
-0.814913035800435,0.14695998697515572,0.2998375398758184,0.43481135122423625,-0.3630080851122154,1.4108657961374187,0
0.36832522640951926,-0.16924375677537642,0.2084739294008501,0.31016383132843073,-0.9375169241043133,1.9578242130926662,0
-1.688822857390152,0.6044178259445555,0.7222373364951824,0.862894575595363,-0.06207076579058037,0.13381725611660997,0
-0.3413516567403367,0.4545299595015907,0.8346108004844376,0.24047369113287317,0.1638975986363863,-0.5627789265764355,0
1.380160531398066,-0.6259382264727359,-0.545584898466848,-0.5903830798928812,0.09124740321736294,-0.4198672814624085,0
0.3850321409612883,-0.42756510976847645,0.9417951815211387,0.3112972660074936,-0.0457920459230039,-0.13733225010954497,0
0.46237000507558046,-0.40788720647350724,-0.3073608987467851,-0.526178551152409,0.47442680322800773,-1.2547907240724783,0
-1.159129330616312,0.03488431695945818,-0.07514541165293917,-0.2963667346995021,0.020457714193605155,-0.30669068802079963,0
0.03901864783246884,0.5666374394949619,-1.1969478857348315,0.1909010020822459,-0.519982648598279,2.9461544519059983,0
1.0766001262787595,-0.7287161125602315,0.9103305097742598,0.2968605908550513,-0.9739346542151168,0.3609849408212304,0
-0.8334953697980287,0.3911387555878982,0.9315460778696407,0.9403979647775107,-0.1802098609175122,0.5822399555322517,0
-2.6140976686119184,1.2782692738202475,1.5623420510422479,1.242063139352702,0.5264800428865531,-0.39569611086824535,0
-1.4097609812818983,0.4078753203336653,0.06377512758371533,0.33687250404956337,0.3751614616704344,0.2568741981363201,0
0.8205004744016333,-0.8853251244329247,1.3583422839496946,-0.3452571490837346,-0.9360620309715438,-1.3983291633698096,0
1.4742583785545817,-0.3802835596704835,-0.12563727419832277,0.1006547567839852,-0.502098976835439,1.061246042626102,0
0.1181340076081312,0.03211493226373519,-0.5477925366624088,-0.777215525568759,0.442244275247517,-0.40640828459529804,0
-0.25916878700377183,-0.20599138737378545,-0.8300732464133076,-0.3917126863596753,0.572260007239554,-0.5632432903907442,0
-0.5421085189308363,-0.2748208022697634,1.1340712799055752,-0.06909811861532773,0.22799322466442923,-1.9401756875658784,0
-1.182893125756365,0.49267342968174604,0.4704380785359799,0.743637921784558,0.17878449179617262,0.23883539039941906,0
-0.49416000280050054,0.07626182898805517,-0.9528754161720172,-1.3193785805416014,1.3627716907371068,-2.5504303333073235,0
-1.0727413947084226,-0.004656723015887745,1.070664032734239,0.24715386039268591,-0.1986928348367986,-0.8608210546393877,0
-0.9710245862221487,0.013233950618418604,0.13009647859965115,-0.23296487619380002,-0.2229746313039105,-0.3007417688232447,0
0.44140944385650754,-1.0094886134818868,1.1359972479140976,0.04556059442107153,-0.8175541750365488,-1.1660975881012556,0
0.6004041618196098,0.5316975545700855,-0.8712711358962776,0.7472113639424705,-0.8679888295680179,3.13189835996663,0
1.9126331454763064,-0.6764308066559658,-0.4621435968062442,-0.2504758410247748,-0.6541859253325435,0.1343811663083132,0
0.5464328764722663,0.05640214700439119,-0.30879077687642154,-0.18369736345948268,0.22665061424868646,0.19717719538081838,0
-1.7237582977109982,1.2294155229353463,-0.6706168549969914,1.3504583194556794,0.43057338859225475,2.198928254595515,0
0.8669699820849176,-0.12021365990289576,0.7002228747864161,0.4063847615574867,0.4225993392550469,-0.7870515039152767,0
-0.8336571058920474,-0.048359634454016864,1.531996408290309,-0.45711135538490555,0.43801927766936416,-1.7842944340623859,0
0.054865472460215926,-0.19877592000425978,-1.2638425243334819,-0.5155211018428031,0.2622562586377498,0.19352478827797417,0
-1.0873178198129507,0.5825957614429389,-0.1074437445415168,0.43560209549224016,0.22943432863146082,0.5871212752294809,0
-0.538857278757543,-0.07883469104404037,0.6676443426027341,-0.22843984729209205,-0.2833722552426789,-0.1839376878816401,0
-0.017261826847439755,0.26850021938882157,0.24129362713850266,-0.34375356917932093,0.14619382607180703,-1.1777047338113453,0
-3.9562588912010734,-4.617260829957667,-0.18798566968238584,5.755930722519215,4.4738325023994445,-7.174468037446937,1
-0.8135306260411899,0.5215710897981323,0.03430259065272726,-0.07777383378099602,-0.08834759167256866,0.6256865856200102,0
-4.560782708068779,4.4643282616787445,5.269296995688311,3.817622820017318,-4.508216766527149,4.4495190177537545,1
-2.4433567480233815,0.6277630105630208,1.568752406044913,0.7698101088937391,-0.3798377359261032,0.3964999161445327,0
-0.8562924295153151,0.5036956951087302,-0.20912585994417512,0.6007072363347994,0.27870965821332827,0.7415769847116178,0
0.11553181332296208,-0.00236100975178888,-0.19126906582027964,0.010917874950280912,-0.49773286256212534,1.7848556333431806,0
-0.3309452162098372,0.38122926055133094,-0.12090714136703078,0.4926510565733051,-0.006915428118167479,1.8647191040424524,0
0.6066943669274205,-0.19308347262982942,-1.2059046884008797,-0.7410640024708364,-0.16402630804723164,0.9584335709380858,0
-0.4454734406358061,0.16608617945033344,-0.13200622880083446,0.35645314659030364,0.7826232604702655,0.09768571200212288,0
-0.16940694739528725,0.3728577391038868,0.003508254509609251,0.010154140160174093,-0.816865645815332,0.8230044953478178,0
-1.0992524736318696,0.061864057756157616,0.6858752804057007,0.11387991659898325,-0.20812682171235983,-0.9966385357616249,0
